"","dist_1_2","dist_1_3","dist_2_3","dist_1_4","dist_2_4","dist_3_4","dist_1_5","dist_2_5","dist_3_5","dist_4_5","dist_1_6","dist_2_6","dist_3_6","dist_4_6","dist_5_6","dist_1_7","dist_2_7","dist_3_7","dist_4_7","dist_5_7","dist_6_7"
"1",46.1681454111002,96.006756719724,112.833461455811,113.8500004,86.5393248511937,98.670014,46.1681759893121,91.079987,84.8587834132689,141.182169656087,91.3956896488023,45.540009,147.371148002382,86.5393166945531,136.619996,57.8037181361212,50.91527008374,65.2916511018065,59.2798000335704,82.0984053158164,82.0984053158164
"2",44.460022,90.1465349450578,106.868537585952,106.868537585952,90.1465349450578,74.099976,44.459991,88.920013,93.7299123772139,136.633639962932,88.920013,44.459991,136.633639962932,93.7299123772139,133.380004,63.3110706788325,63.3110706788325,47.4471406042571,47.4471406042571,89.2282166593057,89.2282166593057
"3",50.580018,102.555361958117,121.579180688143,119.812824096341,96.1167856169779,93.112403695964,42.9847260665939,93.1124036054283,96.1167865817417,145.035221206989,101.160004,50.579986,155.441503388639,96.1167777234574,143.557723600161,56.5501649647469,56.5501649647469,65.8403901716889,65.840413346366,79.5284679392235,91.1843887056333
"4",51.449982,88.199997,102.109451661442,116.213703062505,96.6741611088514,66.5570754645971,37.4777946016042,88.5057027145729,88.8103797126219,135.527297014292,95.549988,44.100006,130.034763342731,99.9708093420277,132.503997724598,65.7403985384942,62.7984261235913,41.5778702484876,51.9723484172112,83.8028871668515,88.5057176627592
"5",53.102522643469,99.5373289072005,130.9500242,121.28103840329,113.825279823773,87.7354300929831,53.1025088339546,104.759994,107.984157435528,160.49910426479,104.760009,53.1025236298629,162.387404781406,113.489992153846,157.382312785713,66.4857000020305,74.5891636984899,62.9529371956561,55.8992780286132,105.123122001585,99.5373201366203
"6",58.320008,88.6866556622843,113.873421069187,118.672611605712,85.3272652539621,102.320021339328,36.449997,94.770005,90.1723032973014,147.611257374362,102.059998,43.73999,145.7999752,81.5046774220975,138.509995,65.2037502737386,65.2037502737386,52.5689142988594,62.2857921020522,87.7832298773522,93.3575510694239
"7",53.970001,87.9075246612031,114.617392597982,115.650025,93.7962202466635,92.8407159604066,38.549988,92.519989,86.2004155238262,142.165390825054,100.230011,46.26001,149.7011332899,97.5246607483483,138.779999,58.7176135349524,62.1600061230694,55.5976073240577,60.2170448469573,81.9584196066521,94.1125492861608
"8",50.610015,82.4346975307134,107.481699510384,100.442372419115,86.759994,72.6606166613023,43.37999,93.990005,82.4346933208365,127.911757077995,86.760009,36.149994,134.485791924799,93.9899921538462,130.139999,59.6201088016493,68.2076764827836,42.1578128979783,46.2945815211678,81.7981181045149,92.5891638232044
"9",53.6694111974423,92.336326167986,120.008451496887,113.8499884,99.8308604230178,83.490021,45.540009,98.961507313401,96.0067330026408,145.799136231393,91.3956908114398,37.949982,145.006752361813,101.263225824482,136.830667520188,54.7322550487394,57.8037303476205,64.4032863375784,59.2797979849815,88.5138415318196,80.6828115163325
"10",59.2575814263477,89.4165934130823,109.265598633331,114.810656407845,82.1754914649144,88.200012,37.4777946016042,96.6741440024175,98.0612164803205,145.893326464236,95.549988,37.4777916598628,141.188878190884,90.9144586718772,132.503997724598,65.7403851220859,59.2575888684314,53.0016054134219,53.0016054134219,93.5502186656988,88.5057076973015
"11",49.770019,79.4922236660923,101.052104651711,100.550582163407,74.2305669223956,85.6157457597626,35.549988,85.320007,81.0664760573705,128.177337858141,92.429993,42.659974,132.253644241435,74.2305669223956,127.979981,57.3226570556531,54.1481571559024,51.2709432973494,47.6953277240044,81.0664672867895,81.0664680761417
"12",47.25,81.280763406848,97.3498844375277,110.708231401283,90.0562324328528,74.556186866014,33.75,81,85.3814968245462,133.983674378635,87.75,40.5,124.463850173454,90.0562324328528,121.5,60.3738353924943,57.6720252808933,43.2210886026717,52.7191853123699,81.280763406848,81.280763406848
"13",52.3966059805418,84.4869889136808,104.79321153682,113.10874222075,89.2282291161277,82.8462991572978,37.7837234171032,90.1465226151312,90.146540041424,141.567846041466,97.4633486911893,45.0732925433731,136.029516608639,89.5353872164544,135.219815158504,63.3110566338959,59.7413176354546,49.7077880093271,52.3966167285682,89.2282054481662,86.4147081105994
"14",52.290009,83.5171225915997,106.168641722876,106.168641722876,83.5171225915997,82.170013,37.349991,89.64,85.1710849596294,132.999559865965,97.109985,44.819976,138.950011489458,87.4340834712697,134.459976,53.8669321725313,50.1102780092076,58.3425646949132,52.8208744333158,80.8003963173454,80.8003830045407
"15",51.5178229184815,76.680023,97.5391334087016,99.4050840271269,79.0399457571944,70.5798671303671,31.950012,83.3154146382293,83.0700258461539,124.071379694515,89.6879458091247,38.340026,122.080809676709,79.0399457571944,121.578075503362,51.5178355700249,57.1539055547397,40.9159719982325,51.5178355700249,72.8572243107039,81.831952742194
"16",52.0015382897524,72.113193616013,100.752216209868,95.8861210202024,78.4676297360897,77.399994,38.700012,90.5300518838918,75.4953075038452,125.236330028871,90.5300518838918,38.700012,129.000006000001,81.5867636323464,129.161149194717,41.3001438351024,46.511602300933,54.7300712278008,54.7300500145974,72.1131922743682,75.2192779000171
"17",62.1599981848467,85.1597307264418,115.6499816,109.035874144247,86.2004200854045,85.1597307264418,38.550019,100.526111365556,90.243243659128,138.994025798596,100.526111365556,38.550019,142.165370650521,87.9075236964393,138.994031123718,60.2170243610581,58.7176135349524,60.2170011863808,49.3681002083368,89.9132885084298,81.9584429365308
"18",51.449982,90.914480500085,114.810667931164,114.810667931164,90.914480500085,95.550018,44.7083115024497,95.8322638520043,83.8028819045039,142.711185461757,95.8322638520043,44.7083115024497,142.711185461757,83.8028819045039,139.649994,55.9759248436339,59.2575888684314,57.4053397272417,63.2271004775654,79.5023956393775,85.7149882237645
"19",53.4527476612803,86.4446412263959,99.4499994000022,106.905545928735,86.190017,60.0371871219856,33.150024,86.4446262705787,90.1777713087912,126.665989629579,93.056491798155,39.780029,127.358157949306,94.9271812375209,126.144384244567,59.3005115829549,53.4527529947735,46.8811923205949,47.8096279404156,79.8357771231684,80.9294715969434
"20",54.810028,94.2856755034414,112.925866779584,122.308514534027,96.8517399891204,86.130005,47.6280269954574,102.090733748174,94.6102436834416,152.031105083731,101.790008,46.97998,144.378056547801,96.8517399891204,148.975914232738,63.1274790374212,59.6315089337881,55.3664524816253,61.1542595716779,91.3127066732776,89.2757347327929
"21",49.770019,87.9458320803222,111.061748086729,106.650006200002,86.4968756184873,85.320008,43.2484151221837,92.7030503022423,81.0664603580314,132.253634779616,92.7030512992968,43.2484161085777,138.05120695532,83.2203983382732,135.089966,63.5937652302496,60.7478632350175,57.3226440320065,45.5262294140462,86.788583638983,81.0664588670321
"22",50.610015,87.9567389545571,108.4499994,112.936217227603,89.430155926399,86.76001,43.37999,93.990005,91.4530636075142,144.6000028,93.99002,43.380005,138.883770332174,89.4301556838634,137.37001,55.0620403432347,58.2901299700058,51.123811794506,62.1948212130261,82.4346769198501,88.2534118479299
"23",51.9723293253285,96.6741611088514,122.328371490019,110.249994,96.6741462832762,81.1834099949003,44.100006,95.8322627015569,99.9708093420277,141.188887561309,95.8322627015569,44.100006,150.809387191912,99.9707950053423,139.843280825001,65.7403985384942,69.7282129198804,57.4053397272417,47.0629593969614,94.1259281643481,93.5502186656988
"24",60.23999,90.6732230399927,112.950006200002,128.231280979644,100.46274314491,90.6731920640286,37.649994,97.889984,95.247816722066,155.234920110523,97.890015,37.650025,138.846360569085,99.041704924749,135.540009,64.7754984498006,57.3467616391728,58.8111906866429,63.8941793546219,91.9153487945306,80.0450078474637
"25",59.6201051636112,93.99002,122.910021941178,117.695878929893,98.3386406742549,87.9567596688315,36.149994,95.0957939271772,100.70226375708,146.396344439197,109.409766041429,50.610016,153.371488416527,96.4602365053084,145.321208148157,52.136282537214,64.6670876981517,58.2901443580341,68.2076770127824,78.2044160400171,98.3386366305743
"26",48.090027,82.7257423825267,99.0805512685544,103.050000600002,83.577143685581,68.700012,34.349975,82.440002,86.8993723926735,126.676526959655,82.440003,34.349976,121.542697700027,84.9771919067719,116.789978,55.387713583611,52.3203647825611,48.5782337461967,48.5782337461967,78.3300388115582,73.0290937373597
"27",47.339996,87.1478928123926,102.873013954099,112.13795076833,89.9598298139805,78.899994,39.450012,86.790008,92.3500746917947,140.477444796879,87.147876515957,40.2312463117951,133.89773018599,95.9859856589495,126.486312204918,63.6112091688251,57.4400626308852,50.5206585105557,50.5206335227535,89.9598464780822,83.8718342820784
"28",50.6995588980813,90.694114123024,111.539016593298,109.445298660382,86.3382406870812,86.3382123685723,35.850006,86.3382419327617,86.3382273167584,131.81884544169,94.3066174450133,43.6133961631071,141.414489248168,86.635452127522,129.854220451397,59.125334913893,61.6786780933253,51.7035916999988,55.9994855669242,76.218148205398,89.8398405024188
"29",59.76001,92.3987825179546,121.602787518545,121.602787518545,92.3987825179546,104.580018,44.819992,104.580002,92.3987786373846,155.440626463612,104.579987,44.819977,155.440614209094,92.3987749993526,149.399979,73.5709798620362,73.5709798620362,56.8898227372947,56.8898227372947,100.498576760371,100.49856561096
"30",55.649994,104.565929199716,125.700535094327,117.380345767083,103.350006,71.549988,47.699997,103.349991,108.131697161378,146.158969549939,95.7306706729878,40.5372045447143,146.590753617001,103.350008307692,143.32065404714,75.4203127081835,78.2984036848791,50.904848932104,44.9719955261101,101.186974023834,95.7306619532124
"31",55.3664582799009,96.8517555114008,116.401313246459,117.4500062,87.5420669540081,93.959991,46.980011,102.090717795302,96.8517630300063,150.409402080589,94.2856767491228,39.149994,145.646406746615,89.2757379779082,141.157334542276,66.8995448782733,63.1274790374212,56.4629207703646,56.4629465639209,94.2856856349892,89.2757347327929
"32",59.2575832868687,95.8322788078216,110.249994,120.548965459269,89.4166082089908,80.850006,36.75,95.8322638520043,99.9708093420277,145.893336288194,103.162160472724,44.100006,141.188887561309,92.970958465534,139.843281613383,69.339763864611,55.9759248436339,57.4053397272417,51.9723484172112,94.1259281643481,83.8028871668515
"33",58.170014,101.095498622047,124.649994200001,136.294124745861,110.869210983755,100.065651780219,41.549988,99.720002,102.789007966904,164.948775222007,108.029999,49.859985,159.629873808258,110.869211208614,149.579987,78.3963898853791,68.5260104045175,66.9973690823774,58.7605558389326,106.419927793436,94.0169006560013
"34",54.9039550482513,103.054012279682,117.163683389351,122.769014550499,96.3079547698951,81.720001,40.860016,95.582900648704,105.719635801019,149.354959667967,95.582900648704,40.860016,144.782610428189,99.1551139994332,136.370155561766,67.0707248793403,60.910497073659,57.7847781793809,57.7847562590708,91.6191895720547,87.2105636706939
"35",65.0624180442141,99.820404173699,125.539754195316,121.049994000003,89.1360653099549,96.839996,49.0879087442138,112.980011,92.0121585596169,150.110669857143,113.267828221082,48.419983,163.40504967387,97.5101871311918,161.399994,54.1351999214936,57.0635144133284,68.4762397819883,68.4762185687884,83.0857347521229,97.5101668548476
"36",50.610015,87.9567389545571,108.4499994,112.936217227603,89.430155926399,86.76001,43.380005,93.99002,91.4530683509318,144.600014800001,86.760009,36.149994,133.314609706964,87.9567387901582,130.140014,58.2901299700058,55.0620403432347,56.4681051568056,56.4681051568056,88.2534118479298,76.8559512157648
"37",41.940002,78.1505861889759,95.0742801794496,99.3465788559435,79.6982759842407,76.889984,34.949982,76.889984,79.6982759842407,124.453408619935,83.880005,41.940003,124.453409406253,79.6982762473581,118.829987,53.2342617570683,53.2342617570683,44.7578281121901,50.4056118232885,74.3047117052502,79.6982702833636
"38",60.720001,92.3363411282935,118.559607621317,123.556243041459,93.8831143677079,98.670014,37.950013,98.670014,93.8831143677079,151.8000036,106.259979,45.539978,151.8000036,93.8831143677079,144.209992,59.2797774990798,50.9152705309561,69.9763520842585,64.4032983583928,88.5138410173239,82.0983969953132
"39",48.6154060359502,73.3581167729925,89.6423768550361,98.1612794714912,68.7525645390787,78.389984,42.210007,90.6507750995004,78.3900043846158,130.448839876635,90.6507601327232,42.209992,122.098170236169,70.5793268773526,132.796964386692,48.6154178192482,43.4829397842427,47.0957963270618,51.8720105492366,78.6215864521955,75.5556686748269
"40",41.788578747548,91.6572121830057,103.049982,107.312828242295,80.4112846274712,89.573837749535,48.5782163513687,89.309982,86.8993774523164,139.106887521144,82.7257573307131,41.220002,131.968373666725,76.8089255461899,130.529984,65.1745495330828,58.6973070177864,49.5402648176245,52.3203516519169,87.9789290525866,82.72574969053
"41",58.799988,76.7362723801499,109.265619822524,110.249994,88.5057176627592,89.4166180729313,36.75,95.549988,74.9555980284365,135.527297014292,103.162160472724,44.7083115024497,141.380087669729,88.8103797126219,139.843281613383,49.3052989038722,57.4053397272417,53.0016137339244,62.366815979334,73.499994000001,88.810393368119
"42",48.419982,92.0121674179046,114.696256559401,119.969165709779,94.4569326367315,104.910003,48.420014,96.839996,92.0121595243807,156.691055572742,96.839996,48.420014,150.110694640656,90.2253504947487,145.26001,61.4592909339191,61.4592909339191,58.193607847943,65.0624108501991,92.0121644359052,92.0121644359052
"43",57.51001,72.8571981743765,104.021652981772,104.021653718926,72.8571984374937,95.849975,38.8688484586309,96.0627697779948,66.7135568678528,131.578140672226,95.850007,38.339997,134.797184634918,72.8572065941335,134.342059655046,49.9075122018749,46.0789527888832,60.2831256538706,54.9688317194456,77.2106769302033,74.5195657306197
"44",53.129974,91.3957070883569,109.464538941888,113.8499998,92.3363409638942,75.900024,37.950013,91.079987,96.0067472328909,139.952693755855,91.079986,37.950012,134.280818547327,93.8831143677079,129.029999,61.1925332087196,57.8037181361212,53.669411056021,53.669411056021,86.5393162560234,80.6828107637558
"45",49.350006,78.8213801071811,100.199305659273,104.805795969503,80.3823622071454,84.600006,42.299988,91.649994,82.5181271939705,136.886247298991,91.9207780727545,42.8834940868901,135.42607199945,87.2036737953173,134.135410153696,56.8389282886314,53.6912035476955,50.8382530148358,50.8382779763501,86.0562205316968,84.8932567286721
"46",62.1599981848467,93.7962202466635,126.453414466594,126.453414466594,109.035869618764,92.8407133859951,38.550003,100.526095412684,95.3674498554959,153.0391442957,107.940002,46.8981074929488,154.2000248,104.867346959576,146.490005,55.5976067693576,62.1600061230693,65.421533537515,71.0826950328989,83.3964057164342,89.9132885084298
"47",58.2901190549482,87.060738687081,114.316345510518,117.695878868464,96.4602367301679,86.76001,36.150009,94.2676714577168,91.4530778377638,144.6000118,101.47788648075,43.380005,143.51141467737,96.4602365053084,137.560141354827,62.1948203992926,61.7731580805136,56.4681051568057,56.4681051568057,88.2534081613862,87.0607413445358
"48",55.229981,95.9860004548583,118.349994400002,117.293273200726,89.9598377075027,95.0081754965343,40.2312755330992,95.0081741678054,89.9598531437233,142.238999481155,94.679993,39.450012,145.48441066836,88.2128746463919,134.361863359809,60.0884532192368,63.6112221924726,55.7907101863772,63.6112142542527,78.900003200001,89.959855687191
"49",51.449982,95.8322638520043,112.192864281113,114.810656407845,90.9144659479483,81.1834099949003,44.7083090364657,95.8322627015569,95.5499972307692,142.711185461757,95.8322627015569,44.7083090364657,135.527297014292,83.8028819045039,139.649994,65.7403851220859,62.7984120786528,51.9723484172112,53.0016054134219,89.7181820552557,83.8028871668515
"50",61.679992,86.2004358273226,114.617403697083,119.939459295931,87.9075391326603,100.230011,46.8981074929488,108.215008168831,83.0392602669394,152.06498652675,107.940002,46.26001,149.701141787831,87.9075391326602,154.392641217191,49.3680877144337,49.3680877144337,65.421533537515,71.0826950328989,83.0392513535628,86.2004272408208
"51",57.3226566835489,79.4922090869292,100.550582163407,105.697746909951,72.5080490502957,85.320008,35.549988,92.7030503022423,81.0664613227952,132.25363537098,99.7935836337211,42.659974,134.151189967888,76.5770248022268,135.276941967584,63.5937652302496,57.3226440320065,47.6953344322065,47.6953344322065,85.6157233374816,86.7885844582149
"52",57.839996,80.8338750962781,107.481699510384,112.472413807921,82.4346975307134,93.990021,36.150009,93.990005,82.4346933208365,140.38122159933,101.220001,43.380005,140.381233959959,82.434697267596,137.37001,64.667088145365,64.6671015617701,48.5003202457472,55.0620554434745,87.060730133397,92.5891974005631
"53",43.019989,87.226822904426,103.407209748258,109.445285885507,94.3066175970704,72.0575886012058,43.019989,86.039978,90.6941296181849,136.982633898026,86.040009,43.02002,132.208277170985,97.5225426653786,129.059998,57.806387187058,52.1983896918288,55.9994855669242,51.703592254699,87.520990739024,76.2181594940488
"54",54.5179348093822,90.2432330650893,114.61738176795,115.650025,86.2004358273226,100.526113743149,46.26001,100.5261125927,86.2004210692744,148.104295627443,93.7962176162792,39.31345731579,141.536799622997,80.4947856926181,139.634068425728,51.72026349991,49.3680877144337,66.3239216477746,65.421533537515,83.3964190292385,75.934712232683
"55",56.3551644197792,84.1707353928916,110.521584743256,109.187278305671,91.9390923321529,76.889984,41.940003,98.1093106392061,90.8699953846166,139.7999908,98.1093106392061,41.940003,138.747516945351,95.0742717244791,139.974629182221,44.7578304547941,50.4056035027861,60.1302374582071,64.4446117432641,78.1505691054137,81.5167033739714
"56",50.190003,86.3382406870812,103.407210302958,107.5500066,87.226822904426,71.699982,43.6133961631071,93.4853543607771,86.635452127522,133.369706282725,93.209992,43.019989,132.208254393289,90.6941296181849,136.418534644602,61.2604972565543,64.1304139422182,40.5596562825744,51.703608895711,81.7505698229691,91.8207787634178
"57",60.0371871219856,79.8357844311695,108.740091223341,112.514838093472,88.4552526827012,86.190003,33.8065089848109,93.762352538533,77.6021692933908,134.24727835163,99.6707672946294,39.780029,136.680975403238,88.4552524578415,133.261372527378,68.2600231725718,71.407284042737,44.4753974390358,50.4925848833293,84.905425982796,93.7623740345792
"58",59.76001,90.8764567491507,116.685125548719,112.049993800002,89.9506956418918,82.170013,37.350006,97.110016,92.3987825179546,137.739996686658,97.109985,37.349975,143.493994014455,94.4888330849785,134.459991,64.2593683498373,56.8898211616107,64.2593704422955,47.8313333684116,91.1829768395405,79.4071694659901
"59",56.48999,107.667223226108,132.3578396952,132.357820794166,107.667216255461,104.910003,48.420014,104.910004,107.66721648032,166.367301176584,105.219900513072,49.087878166003,161.3999846,99.8203668232111,153.542208993294,61.4592909339191,65.0624247420893,68.4762178616814,74.4017051143345,92.0121644359052,94.1115471189392
"60",47.76001,75.5151911572766,101.314269507904,97.9152875336642,78.5230905387709,83.7929600483256,36.3140821131453,83.7929440177405,66.7466395931686,119.4000116,83.580017,35.820007,129.150864437527,81.20078040758,119.549165124815,58.7976785383577,58.7976785383577,51.0077131273312,43.0502908268931,76.4533066745977,80.318141135737
"61",62.6437471695303,93.5631799948046,122.854479002111,126.486430011603,98.2835909429455,101.308383595044,47.2630607504428,109.884394079233,93.8852569525175,159.99407782165,109.057146233523,46.619995,154.230083941818,94.5261371187891,156.175062077529,49.7522789168533,56.030255449357,66.8400708123505,77.699985000004,83.6854670451228,90.6129744385446
"62",60.720001,86.5393248511937,118.072708707307,112.833461455811,84.8587834132689,98.670014,37.950013,98.670014,84.8587834132689,141.182169656087,106.530706390508,46.1681477126883,149.698195483914,81.7467906305823,144.409591300648,57.8037319232982,65.2916720263813,54.7322675294959,61.1925332087196,80.6828213939027,95.1024229445295
"63",53.130005,84.8587887798344,107.874189963405,113.8500004,92.3363360319222,83.8343107626016,46.1681782908986,98.961507313401,81.7467910019729,141.182161376996,91.079987,37.949982,135.136119006356,93.8831143677079,136.830667520188,61.1925332087196,57.8037303476205,54.7322750179459,53.669411763128,88.5138415318196,80.6828115163325
"64",47.25,83.4928889187576,105.43837062474,101.25,82.117294159026,81,47.25,94.5,85.3814968245462,135,87.75,40.5,135,85.3814968245462,135,42.6907484122731,52.7191853123699,52.7191853123699,62.231925086727,73.0124133281458,84.5772575814563
"65",55.919982,78.1505915555366,103.913826194209,113.788948840915,86.4615303049861,91.1384439491925,34.950013,90.869995,79.6982762473581,139.8000006,90.869995,34.950013,130.021529029312,85.0370269139282,125.820008,60.1302490829734,53.2342617570683,56.3551776914961,54.5936456186984,85.3238234262864,74.3047350351259
"66",58.170013,92.9086117642502,118.107286831932,118.107286831932,92.9086117642502,91.410003,50.5477424884653,108.349142824021,89.5014264672926,149.810644956225,100.065651780219,42.3728399987557,142.970636870933,86.7589354993487,149.579987,66.9973705707951,63.2870695200849,59.9242699640168,53.209946014822,96.9104264947794,83.0999840000009
"67",45.539978,96.006756719724,118.559587775599,109.464538941888,92.3363409638942,91.080017,45.540009,91.079987,92.3363360319222,139.952693755855,91.3956908114398,46.1681782908986,147.371140070979,88.8386590798188,136.830667520188,54.7322666974454,48.0033802572289,75.8999972000002,54.7322722444473,88.5138487347607,71.6039168983095
"68",45.8031937975952,91.6064191597961,114.940469078129,112.950006200002,100.462744344161,82.829987,45.180008,90.6732070952605,95.2478214654821,144.646584176123,90.6732230399926,45.180024,143.860468470183,100.462751089948,135.749029428798,60.7087905498051,62.0939602927701,58.8111906866429,53.2451540583804,91.9153610830099,85.1922327755327
"69",47.729707730092,74.556186866014,97.3498844375277,100.3459640444,79.0067243973575,81.280763406848,33.75,81.280763406848,79.0067243973575,127.358745282764,95.4594154601839,47.729707730092,133.983674378635,83.4928889187576,128.958568928164,48.6749422187639,51.4064684645814,47.729707730092,54.4202398010152,73.0124133281458,86.4421772053435
"70",53.4527475372455,73.230737025378,99.4499874000007,103.138585204375,82.0085716211435,79.559998,39.780014,93.0564767650274,80.1105921565939,134.247270202861,93.0564917269079,39.780029,127.35814857888,82.0085713786078,132.76566770909,57.0334162879978,56.6467467041164,47.8096029789008,47.8096029789008,86.444632789781,79.8357870886249
"71",48.090027,84.9771916642364,107.312829010516,107.312829010516,84.9771916642364,89.309997,41.219971,89.309998,84.9771919067719,137.3999792,89.309998,41.219971,137.3999792,84.9771919067719,130.529969,71.7249074403046,73.9921657498963,43.4496931533479,50.0143486207718,92.4263862769728,97.1564568857898
"72",42.5185128815676,78.1505724147966,100.811208392323,98.8535301312003,81.8158627990945,84.1707204447052,41.940003,84.1707515037145,81.8158598942802,131.887058452147,84.1707515037145,41.940003,128.88922413732,78.1505915555366,126.014025342499,46.8903486186658,53.2342617570683,49.4267491556984,56.3551785597392,75.6084152387816,79.6982702833636
"73",47.700012,81.0744090894287,101.809679123353,106.95630314666,83.0004298494928,87.449982,39.75,87.450012,83.0004384699264,136.776961981176,95.399994,47.699982,136.776961981176,83.0004384699264,135.149994,64.0949379358478,57.8768744439488,53.3302078469638,46.3560706509949,90.6439331395112,84.5096597756734
"74",34.4183817167513,74.25,87.75,85.9134739141655,72.6997248963158,62.231925086727,41.058647079513,74.25,90.5607530887415,121.68735554691,61.1238496824276,27,101.25,67.5,101.25,69.4955034516623,67.5,36.3498624481579,27,100.3459640444,72.6997248963158
"75",54.603962996291,67.4174361946535,98.1612794714912,93.8047672074311,73.3581167729925,78.389984,36.6790805803598,91.2504716939059,64.9450860884857,118.930192562697,90.6507601327232,36.179993,125.476155261868,76.2741365308059,127.202995561662,43.4829397842427,51.8720235689729,47.0957955588405,51.8720113629701,67.4174629380279,78.6215737972741
"76",50.190003,81.7505757869639,106.58971796332,106.589717290648,81.7505755238463,93.210022,43.6133961631071,93.4853543607771,74.8569887611067,135.283288691693,86.040009,35.850006,133.369721819461,80.1630315373616,129.259011117523,64.1304273586263,61.2605113014909,54.6050935629639,48.0978365068575,87.520990739024,81.1193019585367
"77",51.5480846313429,90.1722994167301,119.564877536257,109.349975,95.884966531883,87.47998,51.029999,102.320024545443,92.2119988617556,145.7999752,95.0499607905243,43.73999,150.287180699421,99.1547106714559,145.982124700322,62.2857780571142,71.7981759134591,52.5689226193598,52.5689226193598,93.3575416989977,98.0769155123673
"78",55.919982,85.0370269139282,109.187289828991,108.738879396656,79.6982762473581,91.1384439491925,34.950013,90.869995,86.4615303049861,135.721255453522,97.859985,41.940003,139.7999998,79.6982759842407,132.809998,50.4056035027861,50.4056035027861,59.3121203414615,60.1302548953536,75.6084146840814,81.5167033739714
"79",45.98999,81.2664288584199,102.626697642282,98.549994000004,79.9275088544639,78.839996,39.420014,85.410004,81.2664215823498,126.205576845717,78.839996,32.850006,126.205600271781,81.2664288584199,118.26001,56.1340995739674,58.7638642126265,47.3769623420536,47.3769373805493,79.1132787909844,79.1132787909844
"80",52.290009,85.1710886432732,111.049529035563,106.168641722876,83.5171225915997,89.640014,44.820007,97.110016,85.1710889063907,138.950036488015,89.9506957249374,38.0896516442541,134.667318782623,77.9890636644721,134.667331263377,63.8237187453075,66.8137223480336,50.1102775620009,50.1102775620009,89.9507263687193,85.1710933793882
"81",49.8510344376127,77.8697970724218,101.676547632185,104.805807068601,87.2036956235263,77.550018,35.249985,84.8932330607104,82.5181361647245,131.137594296221,84.8932480088967,35.25,124.727232052187,85.7669536499963,120.057165071478,60.6464032462023,58.1357776795031,50.8382946173499,45.1420333702431,86.0562242182418,74.9425076602098
"82",48.929992,79.6982759842407,103.913826194209,106.697721837067,91.1384462500896,78.150586188976,41.940003,90.869995,79.6982762473581,133.543770812495,91.1384450229433,42.5185138679615,131.887057604149,90.8699838461547,132.993818422737,53.2342617570683,56.3551841413028,50.4056118232885,54.5936429299265,79.6982702833636,81.5167038884672
"83",59.2575832868687,83.8028897980279,109.265599642341,114.810667931164,82.1754914649144,95.8322937636388,44.100006,103.162160472724,83.8028819045039,147.000003,103.944690470461,44.7083090364657,141.380080651413,79.1619204365334,147.733171331966,59.2575888684314,53.0015929326668,59.2576018920795,57.4053397272417,89.7181820552557,82.1754981731173
"84",51.119996,77.7377126995647,99.8149931627513,99.4050833200201,72.8572208024725,83.3154137178712,38.339996,89.459992,80.8278239509147,129.387647056974,95.850007,44.730011,132.967295276621,74.7930392643598,134.190003,51.5178355700249,51.5178355700249,49.9074904356052,51.5178350738861,77.9998917772336,83.3154202370738
"85",45.179992,90.6732230399927,104.610112526181,107.021414330406,85.8552251215982,75.6755513870903,45.8031946195902,90.6731920640286,90.985350084947,135.74900108362,90.360016,45.180024,133.219321152078,85.8552330151227,135.749014396422,60.7088035734527,54.8192324112628,53.2451434517753,48.2155276943036,87.8141293624221,80.0450177250307
"86",48.23999,74.5869807674236,98.1612794714912,94.1916041774433,73.3581167729925,78.389984,36.179993,84.419983,74.5869810099592,120.599985400001,84.419983,36.179993,125.476155261868,76.2741365308059,120.599976,51.8720235689729,45.9231166866978,56.8868945663246,42.6385304202675,78.6215737972741,68.752573748189
"87",49.200012,67.9289786755264,87.4079337468866,100.114743901686,71.9839047072376,79.949982,30.75,79.950012,71.983914959525,124.528003712017,86.100006,36.899994,114.396618034364,68.7591023828875,116.850006,58.0189814181532,52.545624438198,41.2554541848733,46.8369982983569,78.7584262463389,74.0558091509373
"88",49.350006,85.7669536499963,105.749994000002,114.765701788471,89.1762395035818,91.649994,42.8834644950726,91.92074816112,82.518141290871,142.751626622957,91.9207780727545,42.8834940868901,131.137582200146,78.8214002317901,133.950012,49.8510492868596,37.9654029769286,69.7914477883936,64.9977851699593,82.5181502616263,63.0571102572901
"89",51.9723314466492,88.5057176627592,99.9707939025205,114.810667931164,83.8028897980279,80.850006,36.75,88.5057027145729,92.970958465534,141.188887561309,95.8322638520043,44.100006,130.863019260218,83.8028819045039,132.503997724598,59.2575888684314,49.3052854874629,51.9723484172112,57.4053397272417,83.8028871668515,79.5023956393775
"90",51.5178230425162,84.0473491786652,109.937731327513,108.441896669876,86.9134033147942,89.6879159566119,38.8688484586309,90.3682385746235,80.8278381811646,134.797192978119,83.3154147149258,31.950012,131.111857535619,83.3154158653745,122.080782458666,60.2831548038112,60.6208668563918,54.968874382329,51.5178086544877,83.3154202370738,76.9457935107575
"91",46.8811534297179,77.6021747612814,98.5620333058327,99.4499994000022,74.1256631139321,86.4446271909366,39.780029,86.4446261938822,74.1256629350466,127.358157949306,87.2040359481145,40.3287425373138,127.530622322643,71.4073091116077,126.666002348779,50.4925721466065,47.8096029789008,53.4527748248867,51.7819603447,75.5936427874737,74.1256735787299
"92",47.25,82.117294159026,101.25,95.9355252239753,75.4672942406179,74.556186866014,41.058647079513,88.0092324702358,79.0067243973575,121.68735554691,81,33.75,124.463850173454,76.9618411941918,121.68735554691,45.2803765443707,48.6749422187639,52.7191853123699,52.7191853123699,69.4955034516623,73.0124133281458
"93",53.130005,98.9614912071358,115.856321468015,113.8500004,92.3363360319222,76.2785496955733,37.950012,91.080017,103.235164910898,139.952693755855,91.3956896488023,38.7015398693687,134.280796503224,86.5393166945531,129.253041342941,72.0050569461627,74.7528353862264,42.9355138541537,50.9152776863693,91.3957020225788,91.3957020225787
"94",53.130005,86.5393248511937,112.833482308669,109.464538941888,91.3957045139432,83.8343107626016,38.7015692867893,91.3957195451751,92.3363358675233,139.540460684635,98.9614764047122,46.1681477126883,143.207832948621,91.7103032978324,137.46074231096,64.848999545871,67.8870452631466,50.9152709781673,48.5997135868139,91.3957132337189,92.6477550753393
"95",41.788578747548,84.9771916642364,108.624215680577,106.872118201429,89.3099903076929,96.4250367184793,41.7885493201291,83.5771280676769,78.3300403025574,135.497558692548,82.7257573307131,41.220002,136.3655861655,82.7257414690263,124.420964963147,61.4471592020345,63.3382702046725,55.3876978312006,52.3203516519169,83.859028642004,82.7257509362113
"96",48.090027,80.4112740334368,106.872118201429,97.6410502457873,76.8089253673046,89.309997,41.219971,89.309998,76.8089255461899,127.789372475493,89.5738387465895,41.788549320129,135.497558692548,73.9921536797002,130.710633278938,52.3203785697351,55.3877266072572,55.3876973350618,49.5402642629246,78.3300488100213,80.1172718322371
"97",56.3551625592583,85.0370269139282,114.644515842233,109.187289828991,91.939092332153,83.880004,35.6421571864032,90.869995,93.2582273860062,138.747539616024,97.859985,42.5185114019777,139.7999998,88.4172855919027,132.993817634355,62.5204682535268,68.8435151207439,50.4056040574862,50.4056040574862,88.9681801586389,89.5156802751351
"98",51.5178230425162,83.3154274465464,106.350803174404,104.021653718926,80.8278094044374,84.0473094157176,38.8688484586309,90.3682385746235,83.0700258461539,131.578140672226,89.6879458803717,38.340026,131.111857535619,77.7377030000301,128.437428249091,54.9688749635672,54.5961882631051,54.2209536382396,51.5178007162643,80.0664841577312,76.9458033931689
"99",56.3551644197792,77.2070726953178,104.849987800003,109.18729930372,81.815873051387,91.1384439491925,34.950013,91.1384450229432,81.8158598942802,137.864368850042,98.8535124535302,42.5185114019777,138.747516945351,85.0370209955663,133.543759977619,54.5936353757502,53.2342617570683,54.5936218038407,56.3552046070331,81.5167038884672,84.1707477666678
"100",45.98999,76.899882770652,102.205209910063,98.549994000004,79.9275088544639,85.6622932207676,39.420014,85.410004,73.4548406635005,126.205576845717,85.409973,39.419983,133.032339933043,83.1046679771969,124.829987,44.0728940227447,47.376941540796,56.5172729358039,55.7482965074314,71.0654186902464,76.6186914344034
"101",53.4527475372455,82.0085716211435,103.138585204375,108.740079333979,80.6574308229571,86.4446272676332,33.150024,86.4446261938822,80.657429672164,131.601752767811,99.6707372945557,46.410004,139.859997007508,86.189995846154,132.765652727805,47.8096021468504,42.4527021373217,61.125582138087,61.125582138087,71.7144245762327,80.1105859495491
"102",45.1841043673587,68.8224134772974,90.8189531840165,92.1578944837614,70.5798671303671,77.7376970816609,38.8688792012418,84.0473354935186,71.4423861025161,122.080800150394,76.945782299617,31.950012,117.30480299374,74.7930402041533,115.727841832639,54.5961873267757,51.5178355700249,46.5198826873027,40.9159719982326,81.3314361142123,72.8572243107039
"103",52.3966059805418,79.8081281431932,105.315872703693,105.315885087009,75.5674764477423,96.6145659931266,45.0732619651617,97.4633180516663,82.8463139153462,142.34144508266,96.6145957513688,44.460022,142.534197716548,79.8081535834545,141.567858341928,63.3110566338959,59.7413176354546,53.9456113949974,49.7077880093271,94.3138946964877,90.4505791606669
"104",57.359986,80.1630313584762,106.589697110464,111.998994948706,87.2268278363988,86.3382422649446,35.850006,93.209992,81.7505757869639,137.731222025075,93.209992,35.850006,133.369696820905,88.6880058876085,129.059998,57.806387187058,57.806387187058,51.7035916999988,55.9995086135619,81.7505790320779,81.7505790320779
"105",57.359986,88.6880129211392,116.719146929799,117.596726261577,94.3066174450132,93.4853522132765,35.850006,93.209992,87.2268230688249,142.320422032259,100.635720558461,43.6133961631071,145.181427306183,90.6941153879351,136.418534644602,67.6416201248963,61.2604972565543,64.1304264642046,50.6995646963568,91.8207787634178,81.7505698229691
"106",52.709991,85.8552248584809,111.941501501545,108.599212182779,90.6732230399927,83.1715544263795,37.649994,90.359985,84.1879757208849,133.219298373173,97.890015,45.180024,146.206172122727,97.8900243846168,135.540009,67.3503563019538,64.3363374344555,57.346773850678,42.5961273479257,90.6731923131651,90.6732154828563
"107",49.770019,87.9458320803222,111.061748086729,108.529423668794,92.7030351930328,78.5325075975564,35.549988,85.320007,86.4968754540883,130.715739064049,85.615744514079,36.2540171707929,132.253634779616,89.9351554679289,121.078932129087,63.5937652302496,60.7478632350175,57.3226440320065,45.5262058318081,85.6157233374816,75.580333247877
"108",60.720001,92.336338497907,118.559597378365,118.559587775599,92.3363360319222,91.080002,38.7015730129964,98.961507313401,86.5393073977375,141.182161376996,106.530706390508,46.1681477126883,147.371126886308,88.8386587380759,144.209992,54.7322666974454,54.7322838931496,64.4032764380826,64.403287751792,78.143829564848,84.8587730379131
"109",52.3966059805418,91.656631266485,110.157559260274,117.162390092043,90.1465546729337,89.2281982232094,44.459991,96.6145648426795,91.6566387850881,147.084296337917,96.6145957513688,44.460022,143.876177513236,93.7299269236907,140.98487255596,63.3110706788325,59.7413306591037,53.4342618592236,57.8739451050306,89.2282166593057,90.4505877626018
"110",61.679992,92.520004,111.195200225909,109.579688741027,85.15974566484,69.8170025190163,38.550003,100.229995,100.230004846154,137.27264512138,100.230011,38.550019,136.403835155835,90.243257756028,138.780014,55.5975934565521,55.5975934565521,55.5976067693576,54.5179377792347,83.3963968412307,83.3964101540364
"111",54.960022,90.3607237059354,112.676371579229,118.19593824189,97.1564485419294,82.7257563341674,41.219986,96.180008,93.442084970426,146.05818747472,96.179993,41.219971,141.628654325954,100.028683505487,137.399979,61.4471592020345,61.4471592020345,53.6564006772778,58.293863242033,87.9789290525866,87.9789173395557
"112",54.389985,81.1211778387125,109.884378947148,110.432433767532,86.8712285827722,93.5631789982588,39.6193853468243,93.5631799948046,86.8712287616578,143.271703837292,101.308385742546,47.2630605860437,142.638215784763,83.6854395622111,140.720670359263,59.174556244724,62.6437362544746,52.1227387417434,56.0302548946569,87.9075100873648,90.6129749530405
"113",58.7605870930525,91.7869378305005,119.848518849422,111.799614418924,92.9086117642502,83.5144721827303,49.859985,108.349142824021,100.410096150538,149.810644956225,108.029999,50.5477415020714,147.955333041564,89.501426095902,157.889984,53.2099778742714,55.7451724430022,64.9031748067886,58.7605558389326,92.9086311733202,85.5566686970717
"114",45.0732925433731,97.4633315847582,119.482663674861,113.10874222075,104.793226668905,74.099976,44.459991,89.2282290330822,100.78690249849,141.56784525633,89.2282290330822,44.459991,146.710511425051,107.891237212853,133.585678916192,63.3110566338959,70.2974235311671,52.3966167285682,52.3966167285682,89.2282066938491,94.3138946964877
"115",47.6280417913662,79.8506346003597,106.499514818615,100.272924933505,87.5420520170741,78.300018,39.149994,86.4851819251138,81.7475855973756,128.421547449952,93.959991,47.6280112131549,134.712402638362,84.3316611960222,133.109985,57.0032583726581,70.0336517385754,39.1500002000017,52.5252426052484,77.5130411110287,95.5773189200249
"116",48.2671050772761,75.5936423489455,108.740091223341,98.5620333058327,83.8636222051049,93.0564927243665,39.780014,87.2040234033972,75.5936381390661,130.764047843205,87.2040382289725,39.780029,136.680975403238,80.6574454544666,126.665989001469,44.4753840226283,59.3005249993639,51.7819603447,59.3005330492071,71.714412650178,84.9054464415587
"117",52.080018,72.7840106998791,96.7781122537532,101.271844515246,74.2254196477191,84.630005,39.059997,91.140015,76.1975991527296,131.817464235283,84.630005,32.549987,121.092994959246,72.7840106998791,123.690002,41.68434675055,41.68434675055,55.2391782107592,60.0192377793992,72.7840193758221,67.0245501781252
"118",64.559998,90.2253493319932,119.969185822694,119.969165642511,90.2253439654306,96.839996,40.350006,104.910004,92.0121585596169,150.110669857143,104.910004,40.350006,150.110694049293,92.0121664531408,145.26001,65.0624238738461,65.0624238738461,58.1936078479429,58.1935828864342,92.0121638219646,92.0121638219646
"119",43.889985,82.4689852662209,99.1374088837315,102.835661909672,83.652249722054,75.240021,37.619995,81.50998,85.2812258244467,129.259373877952,81.51001,37.620025,124.45596657453,83.6522427514057,119.130005,53.9365834930249,45.646282961929,57.8065616439892,48.970276991254,81.7507998485642,66.6510165035764
"120",41.788578747548,90.3607237059354,110.775397895023,107.312840533834,93.4421037183995,82.7257550884874,41.7885491557301,82.439972,100.028683505487,141.628663784844,82.7257573307131,41.220002,136.019039922948,90.3607386835681,123.659974,58.6973038576758,65.1745254997717,48.5782337461966,55.387712715368,87.4408061767522,87.4408061767522
"121",46.410004,73.230751963776,90.17776123635,98.5620336421698,75.5936341923069,72.929993,33.8065236935209,79.8358002928561,71.407296112935,119.524036985036,86.190002,39.779998,118.043804438692,75.593642085828,119.52405096348,59.3005249993639,56.6467575889414,38.6592059178669,44.4753911780436,75.5936434014143,79.8357870886248
"122",60.720001,92.3363411282935,118.559607621317,118.559587775599,92.3363360319222,91.080018,37.950013,98.670014,93.8831143677079,145.799145601818,106.530706390508,46.1681477126883,147.371140070979,88.8386587380759,144.409591300648,61.1925332087196,61.1925485890258,59.2798000335704,59.2798000335704,86.5393162560234,88.5138415318196
"123",61.1925386662469,92.3363411282935,112.833471949509,118.559587775599,84.8587696390899,91.080018,37.950013,98.961507313401,93.8831143677079,145.799145601818,106.530706390508,45.539978,147.371140070979,88.8386587380759,144.409591300648,67.8870179831183,61.1925355653805,54.7322764046964,54.7322764046964,91.3957020225787,92.6477464734039
"124",50.2753110928253,87.9458175281844,116.61265662989,115.74241234967,96.7064351722288,99.540009,49.769989,99.793613557482,89.9351554679289,153.812813805745,99.793613557482,49.769989,152.160627379032,94.8592069112993,149.47918690694,54.1481433687288,63.5937652302496,55.5308705863699,67.0756037289279,86.7886090351733,96.7064421567673
"125",42.5185128815676,79.6982624775472,104.8500058,103.91381650772,88.4172855919027,90.869995,41.940003,84.1707515037145,79.6982627406646,135.721247522118,85.037024283544,42.5185114019777,138.747539616024,91.939092332153,126.594291630073,56.3551841413028,57.6410319258798,56.3551707455503,50.4056048895366,85.3238234262864,84.1707576490803
"126",51.1238345633447,73.7318382480756,102.757622285747,102.247666015419,82.4346975307134,86.76001,43.97837736843,93.99002,84.624997954271,140.381233959959,95.0958235783278,43.9783798344158,138.883789697721,89.4301857582809,137.560157122478,55.0620541304102,64.6671015617701,42.1577785982616,55.0620554434745,87.0607413445358,97.2697299568617
"127",43.380004,82.4346975307134,102.757622285747,104.272552316325,87.9567438865293,79.8579872244551,43.380005,86.760009,82.434697267596,133.314632484664,86.760009,43.380005,134.485791924799,91.4530588640988,130.140014,61.773144035576,61.773144035576,48.5003269539531,46.2946057281037,87.0607313790785,87.0607313790785
"128",41.7900042627438,74.7562369293711,91.938015204596,96.9312004032768,73.1026634698088,82.9507921311197,35.459991,77.0569576270717,71.8982522861304,121.837760710956,77.0569885357611,35.460022,119.668385010913,73.1026634698088,112.445426170299,50.4950650608564,47.6479440366566,47.6479384550898,50.8397312846967,71.1658247911173,72.1407543390013
"129",53.039978,80.6574446324717,103.563912238966,107.928584667919,82.0085861732804,86.190003,33.150024,86.190002,82.0085859307447,132.6000208,92.820007,39.780029,132.6000208,82.0085859307447,125.970031,62.5472985095288,56.6467467041164,53.4527743287477,47.8096112994032,84.9054464415587,79.8357870886249
"130",48.5782620304673,78.3300400394401,97.1564773918866,103.050000600002,76.8089253673046,82.7257564172128,41.219971,89.5738387465895,78.3300403025574,131.968373666725,82.7257574137585,34.349976,123.850674108784,78.3300403025574,123.850660130339,52.3203647825611,49.5402814586284,49.5402725834248,53.656410280041,78.3300396009103,74.3104015253596
"131",46.410004,80.6574446324717,99.450018,103.563912238966,82.0085786546773,79.559998,33.150024,79.560028,82.0085859307447,127.358157949306,86.190002,39.779998,127.358157949306,82.0085859307447,119.340026,59.3005249993639,56.6467575889414,47.8096112994031,47.8096112994031,79.8357870886248,79.8357870886248
"132",55.3877320647858,76.8089253673046,107.312829010516,102.129894446632,83.577143685581,82.440002,34.349991,89.5738537024069,78.3300442493177,127.789384571568,96.425037715938,41.219971,137.3999792,86.8993727089011,130.710648258205,49.5402814586284,55.387713583611,53.656410280041,53.656410280041,74.3104140061136,83.8590206135293
"133",53.52002,81.387341612323,104.501123762763,99.4540026775242,74.7964560482673,80.5582669016657,34.1124193653943,87.2269281816124,76.2777339218993,120.605691828371,86.970001,33.449981,128.510673303741,76.2777112938042,120.605671470874,48.2422807806607,48.2422807806607,56.7665097662391,52.2505703318208,68.8777636035043,72.3634060554096
"134",59.669983,71.4072955558492,108.740089272264,107.928584667919,80.6574446324717,100.330119726731,33.150024,92.820007,66.630678751158,132.6000208,92.820007,33.150024,136.520080728663,82.0085859307447,125.970031,53.4527660184216,57.0334154742642,56.6467532584179,57.0334250065705,75.5936427874737,80.9294801988764
"135",49.200012,74.817980109063,96.0660733183157,96.0660733183157,74.817980109063,73.799988,36.899994,86.100006,77.7920351835588,122.999997,79.950012,30.75,118.137644054721,76.0713046135016,116.850006,55.0072722464952,55.0072722464952,44.3482790241073,44.3482790241073,78.7584262463389,74.0558091509373
"136",47.25,68.8367634335026,90.8119623177475,95.9355252239753,75.4672942406179,74.556186866014,33.75,81,70.4720689351462,120.180333249663,81.280763406848,34.4183817167513,120.180333249663,83.4928889187576,114.948357970003,51.4064684645814,54.4202398010152,39.3589252902058,48.6749422187639,71.7534842359589,81.280763406848
"137",49.679992,69.4299112380263,92.3182894770048,92.3182894770048,69.4299112380263,74.52002,31.050019,80.730011,70.8048932847161,115.512696203753,87.161506037356,37.7739663278845,117.170054458127,66.8837370627576,118.153329375522,55.5439339276584,55.5439339276584,41.6579508929592,41.6579508929592,74.7783188603508,75.8027158625602
"138",58.3363094478902,96.5637742634369,122.645067165378,123.75,92.2378040718663,107.566839685844,50.1827908749603,108.511808113219,100.365581749921,163.757824240553,99.3431552750364,41.25,155.660688678934,94.0644725706789,149.413854779267,62.8301281233772,59.4915960451558,66.513626423463,64.4345598262299,99.3431552750364,89.2373940677337
"139",50.159974,73.3884761294326,102.068199854607,97.9405124985591,76.2778345675869,88.0036418933906,31.350006,81.50998,69.2544145736582,120.442751913431,88.0036430333428,38.1389465468129,129.107214497565,73.3884610927392,119.294891147945,45.2136024550155,45.2136024550155,59.1510682699818,53.202707145408,67.8204114483248,70.1007378028236
"140",47.729707730092,85.3814968245462,105.005357006202,105.654211936865,87.75,75.4672942406179,40.5,88.0092324702358,82.117294159026,128.958568928164,81.280763406848,33.75,131.061292912896,94.0166208709928,121.68735554691,70.4720689351462,66.4797901621237,49.1407417526435,38.1837661840736,90.8119623177475,85.9134739141655
"141",50.610015,87.9567537504662,108.4500114,107.481687671344,82.4346820944923,87.0607396836267,43.37999,93.990005,91.4530778377638,140.381212534869,94.2676864135342,43.9783773684301,143.51141467737,89.4301556838634,137.560141354827,64.6671015617701,61.7731580805136,52.1362744940606,48.5003130903316,92.5891856875312,92.0228864031123
"142",51.5178230425162,83.070022,103.03567114005,104.803806172679,90.368268131687,63.899994,38.339996,89.6879159566107,91.4908948932105,131.733230850384,83.070008,32.5827464588261,117.478741839537,85.2532579544071,121.410004,46.0789533435833,51.5178355700249,51.5178355700249,58.9128948307595,74.5195657306197,69.1184323728499
"143",46.8811842595731,93.0564768362745,112.710001588236,108.740091223341,94.9271718087121,73.2307343093094,33.150024,79.8358003759016,96.5342546593717,131.601762591769,86.4446262705787,39.779998,136.036229008232,94.927178094583,119.524051018951,53.4527660184216,56.6467575889414,57.0334040819953,56.2574247035909,75.5936427874737,79.8357870886248
"144",44.400024,66.8308548950272,83.2500120000002,91.0267815766379,72.998847712824,61.3017704850396,28.2995588887885,72.3631708571466,75.4881734545235,113.876499018897,83.25003,38.850006,111.000018,77.3025493382982,111.138693501862,47.7429275516378,42.2675438888998,43.3468995292665,43.3468764826273,71.0747080838253,67.7463871080963
"145",42.660004,87.9458466324602,106.650000200001,108.529435592009,93.5174414190212,78.5325075070209,43.2484151221837,85.6157146177063,94.8592361430359,140.770797492522,85.6157444310335,43.2484445496021,132.253644241435,89.9351696981779,128.767556897071,60.7478622986884,60.7478517649825,51.2709524499042,50.2752857784036,90.4955117141187,81.0664580776798
"146",45.98999,87.6547271299192,107.756010494915,103.880797292959,86.4148447924335,78.839996,45.990006,91.979996,89.36164602345,135.443997342741,85.409973,39.419983,135.444008984451,89.3616504347369,131.399979,52.9690376235026,50.0356316690426,60.5724112060985,51.3133119465199,85.6623262002617,74.9095093788543
"147",54.960022,83.577143685581,107.312829010516,111.835493379428,84.9771916642364,89.309997,41.219986,96.180008,86.8993774523164,142.955426921751,96.179993,41.219971,137.3999792,84.9771919067719,137.399979,64.8114594932107,58.6973179026121,55.3876978312006,49.5402648176245,93.4421000423263,82.72574969053
"148",55.3664889683352,109.899296125227,133.110017647059,123.80318228576,110.73291740833,78.6905457156106,39.149994,94.2857076420413,114.00653240442,149.591953513351,102.090717795302,46.97998,160.658173220662,114.006509739929,141.157334542276,67.3562305554632,64.5678486493101,72.1890387407959,56.4629210477142,95.5773520989176,88.5863361328397
"149",70.9036668463628,94.2856903685826,128.421546840241,127.463151937257,96.851740231656,102.090689034117,39.150009,109.899297193932,99.0425492818141,158.545411070015,118.489413215191,47.6280417913662,166.468088507318,104.465227298563,157.381073520549,61.1542472801363,63.1274790374212,66.4397467963306,67.3562017260478,91.3127066732776,100.272938989143
"150",51.029999,81.5046827886612,103.610378921613,109.349975,88.6866556622843,80.5206818152982,43.740006,94.770005,85.3272604695599,140.036307550936,94.769989,43.73999,135.601844504269,92.2119988617556,138.509995,58.7738601014092,55.5189830530065,52.5689567334225,51.5480574784416,88.9857980575558,83.1187760355037
"151",44.099976,83.8028897980279,104.463116701064,104.463116701064,83.8028897980279,88.200012,44.100006,88.199982,83.8028819045039,136.717897675104,88.199982,44.100006,136.717897675104,83.8028819045039,132.299988,59.2575888684314,53.5087998566622,59.2576018920795,47.0629593969614,89.7181820552557,78.1315607171657
"152",48.2671348845164,73.230751963776,101.202576969069,98.5620333058327,83.8636124020441,79.8357703964834,33.150024,80.6574602503753,77.6021744195382,125.094606347038,87.2040382289724,39.779998,126.665988844442,80.6574454544666,120.074433766563,47.8096029789008,56.6467575889414,46.8811817139896,53.4527748248867,71.7144251309328,79.8357870886248
"153",49.770019,86.4968754540883,106.650005600002,102.541874391295,85.6157283202115,71.100006,42.659973,92.429992,89.9351602113481,131.101900272729,92.429993,42.659974,136.578630301669,92.4299880000003,135.089966,47.6953277240068,51.2709310939457,55.5308890236806,55.5308698181484,76.9063942834419,82.9161097054167
"154",56.2149827403695,96.7159173269843,125.700522761444,119.249988,104.565914374141,87.449982,39.75,95.7306706729878,98.3360648053402,146.590743855129,95.399994,40.5372045447143,146.590743855129,98.3360648053402,135.149994,53.3302346797779,64.0949509594962,62.0914710954759,67.4579614693525,79.5000120000002,85.9923945916166
"155",55.919982,91.939092332153,114.644515842233,114.644515842233,91.939092332153,83.880004,34.950013,90.869995,93.2582273860062,138.747539616024,98.1093095705006,42.5185114019777,139.7999998,88.4172855919027,132.993817634355,68.8435151207439,68.8435151207439,50.4056040574862,50.4056040574862,88.9681801586389,89.5156802751351
"156",38.1389179413895,70.100718751524,90.4272207189854,93.2102505075489,75.7607025579888,81.7508072881254,37.619995,75.5007894553435,73.3884508404447,123.663725822328,75.5007894553435,37.619995,115.613080878074,69.2544145736583,113.034018784701,42.0604332902079,47.7508965859282,44.3355930590775,56.0805893478307,67.8204108936246,71.4889936282506
"157",53.9365225692255,73.8934614024815,100.349999600004,104.071971105289,82.7507078354066,80.279999,40.139984,93.8986276541899,80.8355664734301,135.46215740767,101.238075034051,47.3054302263514,137.917880557527,90.9938269693075,141.125693701042,53.9365110339935,59.8371737113329,42.8369067706829,53.9364900721229,81.6618533007918,95.0827568380307
"158",59.130005,73.4548351180525,102.205209910063,107.756022384274,85.6623241294565,79.9274955381439,32.850006,91.980011,74.9095360414181,130.41079261733,105.325107898925,46.4569067558331,135.284560238338,88.1457884927028,138.12634137289,61.9812575216092,58.7638642126265,50.0356228715117,46.4569240092376,84.1370606009037,85.6623049553315
"159",51.7615710107423,85.319977,111.289078643417,111.061759610048,92.4300133846164,86.4968853180326,42.660004,93.5174424073929,95.390641137171,146.403873134423,93.5174414190212,42.660003,135.836337705934,85.6157431853527,135.836355397662,51.2709302618955,60.7478517649825,51.2709310939457,63.5937858020762,82.9161349157097,85.6157226731178
"160",47.729707730092,75.4672942406179,101.25,95.9355252239753,72.6997248963158,88.7823884562699,40.5,88.0092324702358,79.0067243973575,129.838842416282,88.0092324702358,40.5,129.663265808015,68.8367634335026,128.427508735473,39.3589252902058,48.6749422187639,52.7191853123699,60.3738353924943,69.4955034516623,78.7178505804116
"161",57.3226566835489,81.0664842140102,105.697769108153,102.541873836595,78.209991,78.5325373838176,36.2540169746767,93.5174414190212,86.496885153634,130.715748256437,92.7030503022423,35.549988,134.151223357822,85.910443713324,128.767556897071,63.5937652302496,57.3226440320065,54.1481718622216,40.2202365423179,90.4955117141187,81.0664580776798
"162",64.3363377855789,91.6064189953972,121.650882463631,114.940476939589,90.9853483469763,88.1364110031742,38.3956253703476,102.41907050457,98.1792066295117,145.428480511421,95.2478167220661,31.0470100995358,142.075775246734,90.6732070952605,133.431961963394,58.8111823642418,71.4358558217093,50.5127814254974,62.0939903671881,84.1879665082849,91.9153788603436
"163",52.559998,73.4548404846149,97.6700834416566,106.951852483536,76.899882770652,91.980011,39.419998,91.979996,76.8998776445079,138.59430017176,91.979981,39.419983,127.56632381432,73.4548351180525,131.399979,58.7638776290347,58.7638776290347,44.0729078863675,56.1340999250907,84.1370582582977,84.1370465452674
"164",52.559998,85.6623091736393,103.880814938468,107.755992203591,86.4148447924335,72.269989,32.850006,85.410004,89.3616504347369,130.410760122699,91.979981,39.419983,130.410760122699,89.3616504347369,124.829987,58.7638642126265,58.7638642126265,46.456913402637,51.3133215492855,79.1132787909844,84.1370371748395
"165",53.970001,93.1602776700465,125.509697335784,113.836795953682,100.230011,93.7961895040534,46.8980779011303,100.526081453921,92.8406825761217,147.299331712742,92.8407137181765,39.3134594730656,152.064970809125,100.230010615386,139.634037615332,65.874263726588,68.9603288234624,65.8742631413824,49.3681000521626,98.1322564656521,87.9075285202605
"166",60.2250754266036,85.1710889063907,121.602787518545,111.049529035563,90.8764567491507,97.110016,44.819992,104.846448357872,85.1710846965121,145.041157822117,104.846433395992,44.819977,155.440614209094,94.4888334012061,149.586612503059,60.2250756746731,66.8137223480336,60.2250602943721,53.866927457585,91.1829731529965,95.6626682985605
"167",49.679992,76.8134784207852,101.091488617689,101.091488617689,76.8134784207852,86.940002,31.050019,80.730011,75.5479326557689,124.2000248,87.161506037356,37.7739663278845,125.742929240734,70.8049077561732,118.153329375522,55.5439339276584,55.5439339276584,50.0666274388454,50.0666274388454,74.7783188603508,75.8027158625602
"168",58.320008,83.1187891036679,113.405789102232,113.405789102232,83.1187891036679,102.059998,43.73999,102.059998,83.1187891036679,147.611244780809,102.32002340549,44.3433278311422,143.781273040616,76.1098416336554,145.982123901319,46.6787758470595,46.6787758470595,67.2104815883655,67.2104815883655,81.5046710716634,78.5156988027238
"169",47.729707730092,85.3814968245462,114.948357970003,109.882039023673,91.8099259339642,101.25,40.5,88.0092324702358,82.117294159026,140.458401315122,94.7407647214228,47.25,149.874322350428,90.0562324328528,135.16864466288,57.6720252808933,66.4797901621237,54.4202398010152,60.3738353924943,81.280763406848,95.9355252239753
"170",40.3287154114786,82.0085861732804,104.829526380789,98.5620336421698,83.8636124020441,86.4446271909366,40.3287448388969,80.6574602503753,75.593642085828,125.094606347038,79.559997,40.3287144250846,127.358157949306,74.1256629350466,119.52405096348,53.4527660184216,54.672390782187,57.0334250065704,47.8096118541034,77.3184370460262,70.4778747345582
"171",53.6694092175425,91.3957045139432,115.856321468015,107.87417096627,92.3363360319222,76.2785496955733,45.540009,98.9615062396496,98.6700068461545,141.182169656087,91.3956896488023,37.949982,139.540439471432,93.883114367708,136.830666743607,61.192546232369,64.8490113670262,53.6693785291081,48.5997137429882,92.6477636772763,85.8710609423238
"172",65.519989,99.6356648777947,127.931896605343,129.495278785291,106.784551580181,90.4615039241556,41.7609821716414,106.784536624363,109.268246823862,162.153743325155,106.470001,40.950012,157.324775944669,111.39606140578,147.647337876645,69.9753863436319,77.2643152235245,52.4415796958904,63.9659640512075,98.6206575241728,104.883196248782
"173",44.3355810382615,70.100718751524,94.0499886,88.6711974318616,71.4890084505359,75.5008180229894,37.619995,81.7507786036343,73.3884508404447,118.30212858998,81.7508085152687,37.620025,120.442775339496,71.4890002938915,119.294891147945,45.2136016229651,47.7508965859282,48.9702558651689,45.2136357370283,73.1201187540088,71.4890173088184
"174",52.3966059805418,84.4870024203752,115.747882655885,110.157580853068,86.7318267656127,104.004296400005,44.459991,96.6145648426795,84.4870105770124,146.148048365827,89.2282278704463,37.050018,142.34144508266,81.8461204294989,133.585678139612,53.4342832151818,56.4328662403428,63.7432279038333,59.7413255736766,86.4147153135395,78.7693756746873
"175",44.729981,79.0399457571944,99.8149931627514,99.8149931627514,79.0399457571944,83.070007,38.340027,83.070008,79.0399459997302,127.8000216,83.070007,38.340026,127.8000208,79.0399457571944,121.410034,57.1539055547397,54.5961873267757,51.5178355700249,46.0789408628282,81.8319535230629,76.945802728805
"176",44.9675924385553,85.319977,108.296274919872,101.052097263939,85.9104561274144,81.0664905288286,43.2484297536933,87.9458354758204,89.0880187146436,133.584776751695,79.492238424141,35.550018,126.589947316053,78.209991,122.737639948225,51.2709427426492,58.6305663619244,51.2709186131932,54.1481600446457,79.4922089974867,75.5803529089433
"177",57.3226566835489,78.5325093177363,106.650005600002,105.697746170011,81.0664760573705,85.6157431853528,35.549988,92.7030503022423,83.2203983382732,134.151197069875,99.7935836337211,42.659974,136.578630301669,81.0664760573705,135.276941967584,51.2709427426492,57.3226570556531,50.2752963850087,57.3226445281455,76.9064020492449,86.7885930601516
"178",60.720001,91.3957070883569,113.850018400002,118.559587775599,92.3363360319222,83.490021,45.540009,106.26001,98.6699949230784,151.8000036,98.669983,37.949982,139.952693755855,93.8831143677079,144.209992,61.1925332087196,61.1925485890258,53.669411056021,59.2798000335704,92.6477550753393,86.5393162560234
"179",54.4202398010152,90.0562324328528,120.180333249663,114.948357970003,96.6452921771154,94.5,40.5,94.7407647214228,90.0562324328528,144.456308273471,94.5,41.058647079513,144.456308273471,90.0562324328528,135,52.7191853123699,51.4064684645814,71.7534842359589,62.231925086727,84.5772575814563,73.0124133281458
"180",48.929992,85.0370121180196,104.8499938,110.521614974629,91.9391081460998,77.207089353897,34.950013,83.880005,86.4615157528487,133.543781699712,90.869995,41.940003,134.27351369723,95.0742870169437,125.820008,53.2342617570683,56.3551841413028,49.4267597623035,59.3121203414615,74.3047350351259,85.3238234262864
"181",48.51001,85.7193489790994,108.250043607198,108.250063452917,85.7193564977026,90.089997,41.579986,90.089996,85.7193562551669,138.599996800001,90.090027,41.580017,138.599996800001,85.7193562551669,131.670013,59.2099509878203,61.9838065723622,49.9729220954745,55.8714479321979,83.4482480227119,88.7473172358485
"182",54.810028,94.2856755034414,112.925866779584,121.806221198262,91.6477971398143,94.2856764169418,39.9253173001799,94.2857076420413,91.6477923554091,147.736145270005,109.620025,54.809997,150.409392085469,89.2757458714316,148.975929212005,70.0336647077692,66.8995698080386,50.1364437259023,59.6314980353511,89.2757439419025,100.272948359568
"183",59.76001,83.5171216077298,111.049528295623,116.205925591772,85.1710879416269,97.110016,37.349991,97.110001,85.1710839948656,145.04115807963,104.579987,44.819977,145.041144894959,85.1710797849895,141.929978,64.2593675361039,56.8898202424657,60.2250668682085,53.8669366101339,91.1829639775987,85.1710849596294
"184",54.4202398010152,76.9618411941918,100.3459640444,110.708231401283,82.117294159026,88.7823884562699,33.75,88.0092324702358,75.4672942406179,133.983674378635,94.7407647214228,40.5,133.130809732383,85.3814968245462,128.427508735473,54.4202398010152,48.6749422187639,54.4202398010152,57.2756492761104,76.9618411941918,78.7178505804116
"185",51.029999,95.0499607138277,111.277014839275,113.873421069187,90.1722994167301,80.5206846219037,37.171847939537,87.7832199118947,92.2120092972718,135.60182353774,87.480011,36.450012,134.025024962954,88.6866607586546,124.144234182745,56.9367207775463,46.1059943712344,67.2104920010295,56.9367002916437,81.5046853824988,67.2104710672385
"186",58.320008,95.884966531883,119.564877536257,115.265020776385,95.0499607138277,80.190002,44.3433304615269,102.320024545443,106.144001361547,149.578297235796,102.32002340549,44.3433278311422,145.7999848,94.7699893846166,146.527174814504,58.7738601014092,58.7738601014092,61.8576870760635,56.9367201373616,93.357551694119,85.0152765688619
"187",58.7605861031029,92.9086117642502,124.649993600001,118.107286831932,101.095498622047,91.410003,42.3728399987556,99.720001,102.789007966904,153.228816732102,108.029999,50.5477424884653,154.574923290811,97.2660419048716,149.810642404604,59.9242738469182,63.2870695200849,64.9031794161149,58.7605558389326,94.7485837020273,89.8863749922116
"188",64.578703665221,88.4733249080233,120.1499942,125.120200448209,105.355104237337,88.4733287105232,40.049987,104.437628283584,93.7546349219082,153.867067616823,112.425723143773,48.059997,153.867067616823,108.947785906553,152.400646222252,62.5601105310754,61.002349537211,62.5600900451732,62.5600899171361,93.4118534713879,91.3280533045574
"189",50.8879590602737,76.89,103.206104995878,100.811215880774,78.1505749191917,86.4615293348436,41.940003,91.9390898992374,87.5844503986867,137.687037653513,91.9390898992374,41.940003,128.509579341775,70.2486227308417,133.543759977619,49.4267484485918,50.8879634558133,54.5936353757503,53.2342755442443,84.4604755481537,74.3047244990536
"190",48.089996,83.577143685581,103.049982,112.676371579229,91.6572191536518,82.7257563341674,34.349991,82.439987,84.9771955448057,136.365597500837,89.309998,41.220002,131.968373666725,91.657212407865,123.659989,61.4471457856277,58.6972929728475,49.5402731381249,53.6564102800409,82.7257509362113,82.7257397250713
"191",57.063508473631,106.144269163155,121.049987800001,127.597879744221,98.1757658671457,88.769989,40.350007,97.1756659255807,107.66721648032,154.177112110522,97.175664929035,40.350006,148.803443527495,99.8203740992831,137.427151437626,72.1802850468199,61.4592904086932,63.0287095070234,57.0634833006289,97.1756806246305,85.7852784961384
"192",48.7229275388918,89.5545057730785,115.521851494512,113.843476423378,99.0782230903443,88.109986,48.059997,96.4531684238528,93.7546349219082,148.994598945399,96.4531684238528,48.059997,147.69708680377,99.0782228478086,144.402321149351,53.732711263252,61.002349537211,56.6392354953729,62.5600900451732,86.6413927117981,91.3280533045574
"193",48.929992,93.2582271611466,114.644515842233,114.644516451944,93.2582273860062,90.869995,42.5185138679615,91.1384450229433,86.4615157528487,139.7999916,91.1384450229433,42.5185138679615,139.7999908,86.461515510313,132.809998,56.3551841413028,53.2342617570683,64.4446012221368,59.3121097348609,81.5167038884672,75.6084152387816
"194",48.929992,84.1707503410781,100.811208392323,104.8500058,85.0370269139282,69.899994,34.950013,83.880005,88.4172950787374,128.889246915017,97.859985,48.929993,134.273499641592,90.8699976923096,132.809998,50.4056035027861,46.8903477242386,54.5936360159344,54.5936552214647,75.6084146840814,81.5167033739714
"195",41.4236011590056,69.4486506780374,92.6260183552155,96.3079520828891,79.7090310829379,81.720001,40.86,82.0032462095274,73.3459521009855,128.490831286594,89.5715657747486,48.1539842438835,130.815833480662,84.2350617559001,130.104867370979,54.9039560405293,56.1566935276645,45.6828665442606,45.6828924826434,83.1266266211998,86.6771499449544
"196",57.839996,87.9567438865293,112.936217227603,117.695867811151,89.430155926399,93.990021,36.150009,93.990005,89.4301520458296,144.6000028,101.220001,43.380005,144.600014800001,89.4301556838634,137.37001,68.2076770127825,61.773144035576,58.2901364198117,52.1362744940605,92.5891763171054,87.0607313790785
"197",55.440002,79.0141545036084,107.805504102342,103.9499874,83.4482378911634,83.4482538358956,42.1535476229471,97.2671896738057,85.7193671692696,137.556567475276,97.020019,41.580017,140.321825939733,90.0899981538502,138.773163227191,59.2099365917599,65.3774750411807,46.4878720351916,49.9729304159779,88.2045034207445,94.2581918754031
"198",54.9039570328092,75.2189123295466,102.150000400004,101.237934425096,77.6459708314661,82.0032599120303,34.050019,88.791536758861,79.7090173277808,128.490844854567,95.5829017886577,40.860016,130.815834105357,77.6459629379429,129.569102253432,49.1075903440631,54.9039685680379,48.1539767485563,54.9039969719929,73.661411725681,83.1266475116135
"199",49.770019,79.4922079241738,101.052092268396,100.550592770008,74.2305812897905,85.6157431853528,42.659988,92.430007,83.2204034644164,134.151209789849,92.429993,42.659974,132.253634779616,74.2305812897905,135.089981,47.6953268295798,51.2709302618955,50.2753069916071,57.3226519702329,76.9064062094971,82.9161091909209
"200",44.820008,83.5171225915997,101.602976833459,106.168641722876,85.1710886432732,82.170013,44.820007,89.640015,87.4340940653033,138.950036488015,89.639984,44.819976,132.99954728487,85.1710807497534,134.459991,60.2250756746731,54.3824303508044,53.866927457585,47.831326496771,91.1829854414749,79.4071793435614
