1-12.jpg,320.000000,239.180008,297.230011,193.639999,342.769989,201.229996,266.869995,284.720001,365.540009,284.720001,251.690002,201.229996,388.309998,201.229996,320.000000,246.770004
2-12.jpg,320.000000,229.229996,297.769989,184.770004,342.230011,184.770004,282.950012,273.690002,357.049988,273.690002,253.309998,184.770004,386.690002,184.770004,320.000000,244.050003
3-12.jpg,326.000000,275.290009,300.709991,224.710007,351.290009,224.710007,283.850006,325.869995,376.580017,317.440002,258.559998,233.139999,401.869995,224.710007,326.000000,275.290009
4-12.jpg,317.000000,228.050003,287.600006,183.949997,339.049988,183.949997,287.600006,272.149994,353.750000,279.500000,250.850006,191.300003,383.149994,183.949997,317.000000,242.750000
5-12.jpg,317.270020,275.190002,299.809998,222.810013,352.190002,214.080002,273.619995,318.840027,360.920013,327.570007,247.430008,214.080002,404.570007,222.810013,326.000000,283.920013
6-12.jpg,326.290009,245.869995,289.839996,202.130005,348.160004,202.130005,275.260010,289.609985,377.320007,282.320007,253.389999,202.130005,391.899994,202.130005,319.000000,260.450012
7-12.jpg,329.000000,238.130005,305.869995,191.869995,359.839996,191.869995,282.739990,276.679993,375.260010,284.390015,267.320007,191.869995,406.100006,191.869995,329.000000,245.839996
8-12.jpg,310.000000,233.690018,288.309998,190.310013,338.920013,190.310013,266.619995,269.840027,338.920013,277.070007,244.930008,190.310013,375.070007,190.310013,302.770020,248.150009
9-12.jpg,322.589996,254.360001,292.230011,208.820007,345.360016,201.229996,277.049988,299.899994,360.540009,299.899994,246.690002,208.820007,383.309998,201.229996,322.589996,254.360001
10-12.jpg,330.000000,254.699997,300.600006,210.600006,359.399994,217.949997,285.899994,298.799988,374.100006,298.799988,263.850006,203.250000,396.149994,210.600006,330.000000,269.399994
11-12.jpg,327.109985,255.329987,298.669983,212.669998,348.440002,212.669998,284.449982,290.880005,369.769989,283.769989,263.119995,212.669998,391.099976,212.669998,327.109985,262.440002
12-12.jpg,334.000000,240.250000,307.000000,199.750000,354.250000,199.750000,300.250000,280.750000,374.500000,287.500000,273.250000,199.750000,394.750000,199.750000,334.000000,253.750000
13-12.jpg,323.589996,244.229996,308.769989,199.770004,360.639984,207.179993,286.540009,281.279999,368.049988,296.100006,271.720001,192.360001,405.100006,214.589996,331.000000,259.049988
14-12.jpg,318.000000,244.940002,288.119995,207.589996,340.410004,207.589996,273.179993,289.759979,355.350006,289.759979,250.770004,207.589996,385.229980,207.589996,318.000000,252.409988
15-12.jpg,327.390015,251.170013,295.440002,219.220001,346.559998,212.830002,295.440002,295.900024,365.730011,289.510010,263.489990,219.220001,384.900024,212.830002,321.000000,263.950012
16-12.jpg,311.000000,247.349991,285.200012,215.099991,336.799988,208.649994,272.299988,286.049988,349.699982,286.049988,246.500000,215.099991,375.500000,208.649994,311.000000,247.349991
17-12.jpg,338.000000,256.709991,307.160004,225.869995,368.839996,218.160004,299.450012,310.679993,384.260010,302.970001,268.609985,225.869995,407.390015,218.160004,345.709991,272.130005
18-12.jpg,348.350006,254.050003,318.950012,209.949997,370.399994,209.949997,296.899994,298.149994,392.450012,298.149994,274.850006,217.300003,414.500000,217.300003,341.000000,261.399994
19-12.jpg,320.000000,262.890015,293.480011,216.479996,346.519989,223.110001,286.850006,302.670013,346.519989,309.300018,260.329987,216.479996,386.300018,223.110001,320.000000,269.519989
20-12.jpg,322.000000,262.490021,290.679993,215.510010,345.490021,215.510010,282.850006,309.470001,368.980011,309.470001,243.699997,223.340012,392.470001,215.510010,322.000000,270.320007
21-12.jpg,326.000000,257.329987,304.669983,214.669998,354.440002,214.669998,283.339996,299.989990,368.660004,299.989990,262.010010,221.779999,397.099976,221.779999,333.109985,271.549988
22-12.jpg,318.000000,223.690018,296.309998,180.310013,346.920013,180.310013,281.850006,267.070007,368.610016,267.070007,252.930008,180.310013,390.300018,180.310013,318.000000,230.920013
23-12.jpg,324.000000,238.050003,301.950012,193.949997,353.399994,186.600006,287.250000,289.500000,368.100006,282.149994,257.850006,193.949997,397.500000,186.600006,331.350006,252.750000
24-12.jpg,334.529999,270.119995,296.880005,217.410004,357.119995,217.410004,289.350006,307.770020,379.709991,315.300018,259.230011,217.410004,394.770020,217.410004,334.529999,270.119995
25-12.jpg,312.000000,258.920013,275.850006,215.540009,333.690002,201.080002,275.850006,309.530029,362.610016,295.070007,239.700012,215.540009,384.300018,201.080002,304.770020,258.920013
26-12.jpg,328.000000,237.610001,307.389984,196.389999,355.480011,196.389999,300.519989,278.829987,369.220001,278.829987,273.040009,196.389999,389.829987,196.389999,334.869995,244.479996
27-12.jpg,315.000000,248.780014,291.330017,209.330002,338.670013,209.330002,283.440002,296.119995,362.339996,296.119995,251.880005,209.330002,378.119995,201.440002,322.890015,264.559998
28-12.jpg,314.000000,262.509979,292.489990,212.319992,342.679993,219.489990,263.809998,298.359985,349.849976,305.529999,256.639984,212.319992,385.699982,226.659988,306.829987,269.679993
29-12.jpg,322.000000,242.409988,292.119995,197.589996,351.880005,197.589996,269.709991,287.229980,374.290009,287.229980,247.300003,197.589996,396.699982,197.589996,322.000000,264.820007
30-12.jpg,316.049988,266.799988,300.149994,211.149994,355.799988,211.149994,284.250000,314.500000,355.799988,314.500000,252.449997,211.149994,395.549988,219.099991,324.000000,282.699982
31-12.jpg,316.000000,277.660004,292.510010,230.680008,347.320007,238.510010,269.020020,324.640015,362.980011,324.640015,245.529999,230.680008,386.470001,238.510010,316.000000,293.320007
32-12.jpg,320.000000,261.399994,283.250000,209.949997,342.049988,217.300003,275.899994,305.500000,356.750000,305.500000,246.500000,209.949997,386.149994,217.300003,320.000000,268.750000
33-12.jpg,310.000000,278.929993,276.759979,229.069992,334.929993,229.069992,260.139984,328.789978,359.859985,337.099976,235.209991,229.069992,384.789978,229.069992,318.309998,295.549988
34-12.jpg,319.000000,246.240005,291.760010,191.759995,346.239990,198.569992,278.139984,293.910004,359.859985,293.910004,250.899994,191.759995,387.100006,198.569992,319.000000,253.050003
35-12.jpg,328.070007,254.209991,295.790009,205.789993,360.350006,213.860001,271.579987,302.630005,368.419983,302.630005,247.369995,213.860001,408.769989,213.860001,320.000000,254.209991
36-12.jpg,329.230011,249.690018,300.309998,206.310013,350.920013,206.310013,285.850006,293.070007,372.610016,293.070007,256.929993,206.310013,387.070007,206.310013,329.230011,256.920013
37-12.jpg,327.000000,229.970001,306.029999,188.029999,347.970001,188.029999,292.050018,264.920013,368.940002,264.920013,271.080017,188.029999,389.910004,188.029999,327.000000,236.960007
38-12.jpg,333.000000,283.769989,302.640015,238.229996,363.360016,238.229996,287.459991,329.309998,386.130005,329.309998,264.690002,238.229996,408.899994,238.229996,340.589996,283.769989
39-12.jpg,314.000000,232.089996,289.880005,195.909988,338.119995,201.940002,277.820007,268.269989,356.209991,268.269989,247.669998,195.909988,380.329987,201.940002,314.000000,238.119995
40-12.jpg,320.000000,262.609985,299.389984,214.520004,340.609985,221.389999,278.779999,303.829987,368.089996,296.959991,251.300003,221.389999,381.829987,221.389999,320.000000,276.350006
41-12.jpg,336.649994,224.699997,314.600006,187.949997,373.399994,187.949997,292.549988,261.450012,380.750000,276.149994,277.850006,187.949997,417.500000,195.300003,336.649994,232.050003
42-12.jpg,320.000000,278.139984,295.790009,237.789993,344.209991,237.789993,271.579987,326.559998,376.489990,326.559998,247.369995,237.789993,392.630005,237.789993,320.000000,294.279999
43-12.jpg,325.000000,228.170013,299.440002,189.830002,356.950012,189.830002,280.270020,260.119995,376.119995,260.119995,261.100006,196.220001,395.290009,189.830002,331.390015,228.170013
44-12.jpg,326.000000,240.770004,295.640015,195.229996,348.769989,195.229996,288.049988,286.309998,363.950012,286.309998,257.690002,195.229996,386.720001,195.229996,326.000000,248.360001
45-12.jpg,322.000000,265.149994,293.799988,222.850006,343.149994,222.850006,279.700012,300.399994,364.300018,300.399994,251.500000,222.850006,385.450012,215.800003,322.000000,272.200012
46-12.jpg,324.000000,257.130005,293.160004,210.869995,354.839996,203.160004,277.739990,303.390015,370.260010,311.100006,254.610001,210.869995,401.100006,210.869995,324.000000,257.130005
47-12.jpg,324.230011,252.920013,288.080017,209.540009,345.920013,202.310013,280.850006,296.300018,367.610016,296.300018,251.930008,209.540009,389.300018,202.310013,324.230011,260.150024
48-12.jpg,310.890015,235.670013,279.330017,188.330002,334.559998,188.330002,263.550018,283.010010,358.230011,275.119995,239.880005,196.220001,374.010010,188.330002,303.000000,243.560013
49-12.jpg,326.000000,226.699997,296.600006,182.600006,348.049988,182.600006,289.250000,278.149994,370.100006,270.799988,252.500000,189.949997,392.149994,189.949997,326.000000,241.399994
50-12.jpg,323.000000,251.839996,292.160004,205.580002,353.839996,205.580002,276.739990,290.390015,376.970001,290.390015,245.899994,213.289993,400.100006,205.580002,323.000000,244.130005
51-12.jpg,339.000000,211.219986,310.559998,175.669998,367.440002,182.779999,296.339996,253.879990,381.660004,253.879990,275.010010,175.669998,410.099976,182.779999,339.000000,232.549988
52-12.jpg,316.000000,272.460022,287.080017,236.310013,344.920013,236.310013,272.619995,315.840027,366.610016,315.840027,250.930008,236.310013,388.300018,236.310013,316.000000,294.150024
53-12.jpg,338.000000,241.509995,316.489990,198.489990,359.509979,198.489990,302.149994,284.529999,373.849976,291.699982,273.470001,198.489990,402.529999,198.489990,345.169983,248.679993
54-12.jpg,348.000000,229.130005,324.869995,182.869995,378.839996,190.580002,294.029999,267.679993,394.260010,275.390015,278.609985,182.869995,417.390015,198.289993,348.000000,229.130005
55-12.jpg,338.989990,228.970001,304.040009,194.020004,359.959991,187.029999,297.050018,277.899994,373.940002,277.899994,262.100006,194.020004,401.899994,187.029999,332.000000,228.970001
56-12.jpg,323.000000,247.509995,301.489990,204.489990,351.679993,204.489990,294.320007,290.529999,366.019989,290.529999,258.470001,211.659988,394.699982,204.489990,323.000000,261.849976
57-12.jpg,318.000000,240.889999,284.850006,201.110001,344.519989,194.479996,278.220001,280.670013,364.410004,280.670013,251.699997,207.740005,384.300018,194.479996,318.000000,260.779999
58-12.jpg,332.000000,231.879990,302.119995,179.589996,361.880005,179.589996,287.179993,269.229980,369.350006,269.229980,264.769989,179.589996,399.229980,179.589996,339.470001,231.879990
59-12.jpg,337.000000,262.279999,312.790009,205.789993,369.279999,205.789993,288.579987,310.699982,393.489990,310.699982,264.369995,205.789993,417.699982,213.860001,337.000000,262.279999
60-12.jpg,310.000000,230.910004,286.119995,195.090012,333.880005,195.090012,262.239990,266.730011,345.820007,272.700012,250.300003,201.059998,369.700012,195.090012,310.000000,248.820007
61-12.jpg,315.000000,230.309982,283.919983,191.459991,346.079987,183.689987,276.149994,284.699982,377.159973,276.929993,237.299988,199.229996,392.699982,183.689987,315.000000,230.309982
62-12.jpg,318.410004,248.770004,295.640015,203.229996,356.360016,203.229996,272.869995,286.720001,371.540009,286.720001,257.690002,203.229996,401.899994,210.820007,318.410004,256.360016
63-12.jpg,330.589996,208.180008,300.230011,170.229996,353.360016,170.229996,285.049988,253.720001,368.540009,261.309998,254.690002,177.820007,391.309998,170.229996,330.589996,223.360001
64-12.jpg,298.000000,226.250000,277.750000,185.750000,325.000000,185.750000,257.500000,266.750000,338.500000,266.750000,230.500000,185.750000,365.500000,185.750000,291.250000,226.250000
65-12.jpg,317.000000,234.980011,289.040009,200.029999,344.959991,200.029999,275.059998,276.920013,365.929993,283.910004,254.089996,200.029999,379.910004,200.029999,323.989990,248.960007
66-12.jpg,341.309998,249.619995,308.069977,208.069992,366.239990,208.069992,291.449982,299.479980,382.859985,299.479980,258.209991,216.379990,407.789978,216.379990,341.309998,266.239990
67-12.jpg,312.410004,222.770004,297.230011,177.229996,342.769989,177.229996,266.869995,268.309998,357.950012,268.309998,251.690002,177.229996,388.309998,184.820007,327.589996,222.770004
68-12.jpg,326.529999,259.589996,296.410004,214.410004,341.589996,206.880005,281.350006,304.770020,364.179993,304.770020,251.229996,214.410004,386.770020,206.880005,326.529999,267.119995
69-12.jpg,338.000000,216.250000,311.000000,182.500000,358.250000,175.750000,304.250000,256.750000,385.250000,250.000000,277.250000,182.500000,405.500000,169.000000,338.000000,223.000000
70-12.jpg,320.000000,201.889999,293.480011,168.740005,346.519989,162.110001,286.850006,241.669998,366.410004,241.669998,253.699997,168.740005,386.300018,162.110001,326.630005,215.150009
71-12.jpg,326.000000,268.609985,305.389984,227.389999,353.480011,227.389999,284.779999,309.829987,374.089996,309.829987,264.170013,227.389999,394.699982,227.389999,326.000000,296.089996
72-12.jpg,321.989990,245.970001,294.029999,211.020004,335.970001,204.029999,280.050018,287.910004,363.929993,280.920013,252.089996,211.020004,377.910004,204.029999,315.000000,252.960007
73-12.jpg,341.000000,236.899994,317.149994,197.149994,364.850006,197.149994,301.250000,276.649994,388.699982,276.649994,277.399994,197.149994,412.549988,197.149994,348.949982,252.799988
74-12.jpg,333.250000,359.250000,306.250000,325.500000,340.000000,318.750000,306.250000,399.750000,367.000000,386.250000,265.750000,318.750000,367.000000,318.750000,340.000000,386.250000
75-12.jpg,333.970001,225.119995,309.850006,188.940002,364.119995,182.909988,297.790009,255.269989,376.179993,255.269989,273.669983,194.970001,400.299988,182.909988,333.970001,225.119995
76-12.jpg,332.169983,232.339996,303.489990,196.489990,353.679993,196.489990,281.979980,275.359985,375.190002,275.359985,260.470001,203.659988,389.529999,196.489990,332.169983,253.849991
77-12.jpg,319.000000,234.869995,297.130005,191.130005,348.160004,183.839996,275.260010,278.609985,362.739990,278.609985,246.100006,191.130005,391.899994,183.839996,319.000000,249.449997
78-12.jpg,328.000000,214.970001,300.040009,173.029999,355.959991,173.029999,286.059998,256.910004,376.929993,249.920013,265.089996,173.029999,397.899994,173.029999,328.000000,214.970001
79-12.jpg,334.570007,213.139999,308.290009,180.289993,354.279999,180.289993,288.579987,259.130005,367.419983,259.130005,268.869995,180.289993,387.130005,180.289993,328.000000,232.849991
80-12.jpg,332.000000,280.410004,309.589996,235.589996,361.880005,235.589996,287.179993,317.759979,376.820007,317.759979,264.769989,235.589996,399.229980,243.059998,332.000000,295.350006
81-12.jpg,316.000000,242.150009,287.799988,206.900009,337.149994,199.850006,280.750000,284.450012,358.300018,284.450012,252.550003,206.900009,372.399994,199.850006,323.050018,256.250000
82-12.jpg,334.000000,242.970001,313.029999,201.029999,361.959991,201.029999,292.059998,277.920013,368.950012,291.899994,271.089996,201.029999,403.899994,208.020004,334.000000,249.960007
83-12.jpg,324.000000,240.050003,294.600006,195.949997,353.399994,203.300003,272.549988,276.799988,368.100006,284.149994,250.500000,195.949997,397.500000,210.649994,324.000000,247.399994
84-12.jpg,326.000000,188.170013,300.440002,149.830002,351.559998,149.830002,287.660004,226.510010,370.730011,220.120010,262.100006,149.830002,396.290009,149.830002,326.000000,194.560013
85-12.jpg,332.529999,241.590012,302.410004,196.410004,347.589996,196.410004,294.880005,286.770020,370.179993,279.240021,257.230011,203.940002,392.770020,196.410004,332.529999,249.120010
86-12.jpg,320.000000,214.089996,295.880005,177.909988,344.119995,177.909988,277.790009,250.269989,356.179993,250.269989,259.700012,177.909988,380.299988,177.909988,326.029999,220.119995
87-12.jpg,335.850006,228.449997,311.250000,191.550003,360.450012,191.550003,305.100006,259.200012,385.049988,259.200012,280.500000,191.550003,397.350006,191.550003,342.000000,240.750000
88-12.jpg,318.000000,219.100006,289.799988,183.850006,339.149994,183.850006,275.700012,268.450012,367.350006,268.450012,247.500000,190.900009,381.450012,190.900009,325.050018,219.100006
89-12.jpg,310.000000,242.050003,280.600006,197.949997,332.049988,205.300003,273.250000,286.149994,354.100006,286.149994,243.850006,197.949997,376.149994,205.300003,310.000000,249.399994
90-12.jpg,332.000000,241.170013,306.440002,202.830002,357.559998,196.440002,293.660004,285.900024,383.119995,279.510010,268.100006,209.220001,389.510010,196.440002,338.390015,253.950012
91-12.jpg,321.369995,237.889999,308.110016,198.110001,354.519989,204.740005,281.589996,271.040009,367.779999,277.670013,268.329987,198.110001,394.300018,211.369995,328.000000,244.520004
92-12.jpg,344.750000,217.500000,317.750000,183.750000,365.000000,183.750000,304.250000,264.750000,378.500000,258.000000,277.250000,190.500000,398.750000,183.750000,338.000000,224.250000
93-12.jpg,337.589996,240.770004,307.230011,187.639999,360.360016,187.639999,299.640015,286.309998,375.540009,278.720001,269.279999,187.639999,398.309998,195.229996,330.000000,255.949997
94-12.jpg,332.000000,272.769989,309.230011,227.229996,362.360016,227.229996,286.459991,310.720001,369.950012,318.309998,271.279999,219.639999,407.899994,234.820007,332.000000,287.950012
95-12.jpg,320.000000,262.609985,299.389984,221.389999,340.609985,214.520004,278.779999,303.829987,374.959991,296.959991,258.170013,228.259995,381.829987,214.520004,326.869995,276.350006
96-12.jpg,332.000000,261.609985,311.389984,220.389999,359.480011,220.389999,283.910004,295.959991,373.220001,295.959991,270.170013,220.389999,400.699982,227.259995,332.000000,268.480011
97-12.jpg,330.000000,254.970001,302.040009,213.029999,357.959991,206.040009,288.059998,296.910004,371.940002,296.910004,267.089996,206.040009,399.899994,213.029999,330.000000,268.950012
98-12.jpg,322.390015,235.170013,290.440002,196.830002,341.559998,190.440002,284.050018,279.900024,367.119995,267.119995,252.100006,203.220001,379.900024,190.440002,322.390015,241.560013
99-12.jpg,313.989990,237.970001,279.040009,203.020004,334.959991,196.029999,272.050018,279.910004,362.920013,272.920013,244.089996,203.020004,376.899994,189.040009,313.989990,244.960007
100-12.jpg,322.429993,222.709991,309.290009,183.289993,355.279999,183.289993,283.010010,255.559998,368.419983,262.130005,269.869995,183.289993,394.699982,183.289993,329.000000,222.709991
101-12.jpg,339.000000,202.520004,312.480011,156.110001,365.519989,162.740005,292.589996,235.669998,378.779999,242.300003,279.329987,156.110001,411.929993,162.740005,339.000000,195.889999
102-12.jpg,342.000000,237.170013,322.830017,198.830002,367.559998,205.220001,297.270020,262.730011,373.950012,275.510010,284.489990,192.440002,399.510010,205.220001,342.000000,249.950012
103-12.jpg,341.000000,282.230011,318.769989,237.770004,370.639984,245.179993,289.130005,311.869995,385.459991,319.279999,274.309998,230.360001,415.100006,245.179993,341.000000,297.049988
104-12.jpg,324.169983,251.509995,295.489990,208.489990,352.849976,208.489990,281.149994,287.359985,367.190002,294.529999,259.639984,208.489990,388.699982,208.489990,324.169983,258.679993
105-12.jpg,320.000000,253.509995,291.320007,210.489990,348.679993,210.489990,269.809998,296.529999,363.019989,303.699982,255.470001,210.489990,391.699982,217.659988,327.169983,267.849976
106-12.jpg,317.470001,273.589996,294.880005,228.410004,347.589996,228.410004,272.290009,311.240021,355.119995,318.770020,257.230011,228.410004,392.770020,228.410004,325.000000,288.649994
107-12.jpg,324.000000,253.329987,302.669983,210.669998,352.440002,210.669998,281.339996,295.989990,359.549988,303.099976,267.119995,210.669998,387.989990,217.779999,331.109985,267.549988
108-12.jpg,301.000000,248.360001,270.640015,195.229996,331.360016,195.229996,255.460007,286.309998,346.540009,286.309998,232.690002,202.820007,376.899994,202.820007,301.000000,240.770004
109-12.jpg,331.000000,247.639999,308.769989,195.770004,360.639984,203.179993,286.540009,284.690002,375.459991,292.100006,264.309998,195.770004,405.100006,203.179993,331.000000,255.050003
110-12.jpg,320.000000,260.839996,289.160004,214.580002,350.839996,214.580002,289.160004,307.100006,358.549988,299.390015,250.610001,214.580002,389.390015,214.580002,320.000000,260.839996
111-12.jpg,314.000000,278.609985,286.519989,230.520004,341.480011,230.520004,272.779999,319.829987,355.220001,326.699982,245.300003,230.520004,382.699982,230.520004,314.000000,285.480011
112-12.jpg,318.000000,268.539978,294.690002,229.689987,349.079987,229.689987,271.380005,307.389984,364.619995,315.159973,255.839996,221.919998,395.699982,237.459991,318.000000,284.079987
113-12.jpg,320.000000,250.929993,286.759979,209.379990,344.929993,201.069992,278.449982,300.789978,361.549988,292.479980,236.899994,209.379990,394.789978,209.379990,320.000000,250.929993
114-12.jpg,315.000000,244.229996,292.769989,199.770004,337.230011,192.360001,277.950012,296.100006,352.049988,296.100006,248.309998,199.770004,381.690002,192.360001,315.000000,259.049988
115-12.jpg,320.000000,247.660004,296.510010,208.510010,343.490021,200.680008,280.850006,286.809998,359.150024,286.809998,257.360016,208.510010,390.470001,208.510010,312.170013,263.320007
116-12.jpg,315.000000,212.260010,295.110016,185.740005,341.519989,172.479996,275.220001,258.670013,368.040009,252.040009,255.330002,185.740005,381.300018,172.479996,315.000000,225.520004
117-12.jpg,314.000000,217.529999,287.959991,184.979996,340.040009,184.979996,274.940002,256.589996,359.570007,256.589996,248.899994,184.979996,372.589996,184.979996,314.000000,217.529999
118-12.jpg,322.000000,250.279999,289.720001,201.860001,354.279999,201.860001,273.579987,290.630005,370.419983,290.630005,249.369995,201.860001,394.630005,201.860001,322.000000,258.350006
119-12.jpg,345.269989,243.080002,320.190002,199.190002,364.079987,199.190002,307.649994,280.700012,382.890015,280.700012,282.570007,199.190002,401.700012,199.190002,351.540009,243.080002
120-12.jpg,330.000000,210.610001,309.389984,169.389999,350.609985,162.520004,295.649994,258.699982,378.089996,251.830002,268.170013,162.520004,391.829987,162.520004,330.000000,224.349991
121-12.jpg,319.000000,234.889999,292.480011,195.110001,338.890015,195.110001,285.850006,268.040009,358.779999,268.040009,259.329987,201.740005,378.670013,195.110001,319.000000,248.150009
122-12.jpg,319.000000,242.770004,288.640015,197.229996,349.360016,197.229996,273.459991,288.309998,364.540009,288.309998,250.690002,197.229996,394.899994,204.820007,319.000000,250.360001
123-12.jpg,316.000000,240.770004,285.640015,195.229996,346.360016,202.820007,270.459991,286.309998,361.540009,286.309998,247.690002,195.229996,391.899994,202.820007,316.000000,255.949997
124-12.jpg,326.109985,225.329987,297.669983,189.779999,347.440002,182.669998,276.339996,275.099976,375.880005,275.099976,247.899994,189.779999,397.209991,182.669998,319.000000,239.549988
125-12.jpg,335.989990,232.970001,308.029999,198.020004,349.970001,191.029999,287.059998,274.910004,377.929993,274.910004,266.089996,198.020004,391.910004,184.040009,335.989990,246.950012
126-12.jpg,328.000000,251.690018,306.309998,215.540009,356.920013,208.310013,291.850006,287.840027,378.610016,287.840027,262.929993,208.310013,400.300018,201.080002,328.000000,266.150024
127-12.jpg,344.000000,227.690018,322.309998,184.310013,365.690002,184.310013,300.619995,263.840027,380.150024,271.070007,278.929993,184.310013,409.070007,184.310013,344.000000,242.150009
128-12.jpg,300.000000,213.639999,282.269989,172.270004,323.639984,178.179993,258.630005,243.190002,341.369995,249.099991,246.809998,172.270004,359.100006,178.179993,300.000000,219.550003
129-12.jpg,316.000000,227.889999,289.480011,188.110001,342.519989,188.110001,276.220001,267.670013,362.410004,267.670013,256.329987,188.110001,382.300018,188.110001,322.630005,241.150009
130-12.jpg,325.000000,237.610001,304.389984,196.389999,352.480011,203.259995,283.779999,271.959991,366.220001,278.829987,263.170013,196.389999,386.829987,203.259995,325.000000,244.479996
131-12.jpg,322.000000,232.520004,295.480011,186.110001,341.890015,186.110001,282.220001,265.670013,361.779999,265.670013,262.329987,186.110001,381.670013,186.110001,322.000000,239.150009
132-12.jpg,303.000000,226.610001,275.519989,192.259995,330.480011,185.389999,261.779999,267.829987,344.220001,267.829987,241.169998,192.259995,371.699982,185.389999,303.000000,233.479996
133-12.jpg,322.000000,232.070007,295.239990,191.930008,348.760010,191.930008,281.860016,272.209991,362.140015,265.519989,261.790009,198.619995,382.209991,191.930008,322.000000,232.070007
134-12.jpg,329.000000,224.889999,302.480011,185.110001,362.149994,185.110001,275.959991,251.410004,375.410004,264.670013,269.329987,185.110001,395.300018,185.110001,329.000000,231.520004
135-12.jpg,330.000000,218.449997,305.399994,181.550003,354.600006,181.550003,293.100006,255.350006,366.899994,255.350006,268.500000,181.550003,385.350006,181.550003,330.000000,230.750000
136-12.jpg,342.000000,245.500000,321.750000,211.750000,369.000000,211.750000,308.250000,279.250000,382.500000,286.000000,288.000000,211.750000,402.750000,205.000000,342.000000,259.000000
137-12.jpg,337.000000,228.630005,312.160004,191.369995,361.839996,191.369995,299.739990,259.679993,374.260010,259.679993,281.109985,191.369995,399.100006,197.580002,337.000000,241.050003
138-12.jpg,340.000000,258.750000,315.250000,209.250000,373.000000,217.500000,282.250000,300.000000,389.500000,308.250000,265.750000,201.000000,414.250000,217.500000,340.000000,267.000000
139-12.jpg,315.730011,218.809998,296.920013,181.190002,347.079987,181.190002,271.839996,250.160004,359.619995,256.429993,265.570007,181.190002,384.700012,187.460007,322.000000,218.809998
140-12.jpg,336.000000,242.250000,315.750000,195.000000,363.000000,201.750000,288.750000,276.000000,363.000000,289.500000,275.250000,195.000000,396.750000,201.750000,336.000000,262.500000
141-12.jpg,310.000000,240.920013,288.309998,197.540009,338.920013,197.540009,273.850006,284.300018,360.610016,277.070007,244.930008,197.540009,382.300018,190.310013,317.230011,255.380020
142-12.jpg,321.390015,223.170013,289.440002,184.830002,340.559998,178.440002,289.440002,267.900024,353.339996,267.900024,251.100006,184.830002,372.510010,184.830002,315.000000,223.170013
143-12.jpg,316.000000,240.520004,289.480011,194.110001,335.890015,187.479996,282.850006,286.929993,355.779999,280.300018,256.329987,194.110001,375.670013,187.479996,316.000000,240.520004
144-12.jpg,321.000000,220.200012,298.799988,181.350006,343.200012,181.350006,293.250000,247.950012,354.300018,253.500000,271.049988,175.800003,382.050018,181.350006,326.550018,220.200012
145-12.jpg,325.000000,239.219986,303.669983,196.559998,346.329987,196.559998,282.339996,281.880005,360.549988,288.989990,261.010010,189.449997,388.989990,203.669998,325.000000,253.439987
146-12.jpg,318.000000,266.279999,298.290009,220.289993,344.279999,220.289993,278.579987,305.699982,357.419983,305.699982,252.300003,220.289993,383.699982,220.289993,324.570007,266.279999
147-12.jpg,324.000000,262.609985,296.519989,221.389999,351.480011,221.389999,282.779999,303.829987,372.089996,303.829987,255.300003,221.389999,392.699982,221.389999,330.869995,276.350006
148-12.jpg,304.170013,271.150024,280.679993,216.340012,335.490021,208.510010,272.850006,325.960022,351.150024,318.130005,241.529999,216.340012,382.470001,208.510010,319.830017,271.150024
149-12.jpg,326.000000,263.490021,286.850006,224.340012,357.320007,216.510010,279.020020,318.300018,380.809998,310.470001,247.699997,224.340012,404.300018,208.680008,326.000000,271.320007
150-12.jpg,327.290009,240.580002,298.130005,204.130005,349.160004,204.130005,283.549988,284.320007,363.739990,291.609985,254.389999,204.130005,392.899994,204.130005,327.290009,255.160004
151-12.jpg,335.000000,270.700012,312.950012,233.949997,357.049988,233.949997,290.899994,314.799988,379.100006,314.799988,268.850006,233.949997,401.149994,233.949997,342.350006,285.399994
152-12.jpg,316.000000,239.889999,289.480011,206.740005,335.890015,193.479996,282.850006,279.670013,362.410004,273.040009,256.329987,206.740005,375.670013,193.479996,316.000000,246.520004
153-12.jpg,324.000000,259.329987,302.669983,216.669998,352.440002,216.669998,288.449982,301.989990,359.549988,301.989990,260.010010,216.669998,395.099976,216.669998,324.000000,259.329987
154-12.jpg,317.000000,276.850006,293.149994,229.149994,348.799988,221.199997,277.250000,324.549988,364.699982,324.549988,253.399994,229.149994,388.549988,229.149994,317.000000,276.850006
155-12.jpg,318.000000,226.970001,290.040009,178.040009,345.959991,178.040009,276.059998,268.910004,359.940002,268.910004,255.089996,178.040009,387.899994,185.029999,318.000000,240.950012
156-12.jpg,332.000000,233.080002,313.190002,195.460007,350.809998,189.190002,300.649994,264.429993,382.160004,258.160004,275.570007,195.460007,388.429993,189.190002,332.000000,233.080002
157-12.jpg,315.000000,232.070007,288.239990,198.619995,341.760010,191.930008,281.549988,272.209991,361.829987,272.209991,248.100006,198.619995,388.589996,185.240005,315.000000,245.449997
158-12.jpg,323.429993,206.709991,297.149994,167.289993,356.279999,167.289993,284.010010,239.559998,362.850006,252.699997,264.299988,167.289993,402.269989,173.860001,330.000000,219.849991
159-12.jpg,317.109985,247.329987,281.559998,211.779999,331.329987,197.559998,281.559998,297.099976,366.880005,282.880005,238.899994,211.779999,373.989990,197.559998,310.000000,254.439987
160-12.jpg,316.750000,261.500000,289.750000,234.500000,337.000000,227.750000,276.250000,308.750000,364.000000,295.250000,249.250000,234.500000,377.500000,227.750000,310.000000,268.250000
161-12.jpg,326.889984,239.329987,305.559998,196.669998,362.440002,203.779999,284.229980,274.880005,362.440002,281.989990,270.010010,189.559998,397.989990,203.779999,334.000000,253.549988
162-12.jpg,319.059998,223.529999,273.880005,193.410004,334.119995,170.820007,288.940002,283.770020,371.770020,253.650009,236.229996,200.940002,364.240021,163.290009,311.529999,238.590012
163-12.jpg,327.570007,254.709991,294.720001,215.289993,347.279999,215.289993,281.579987,287.559998,373.559998,287.559998,255.300003,215.289993,386.699982,215.289993,321.000000,267.850006
164-12.jpg,350.000000,244.279999,323.720001,198.289993,376.279999,198.289993,317.149994,283.699982,389.419983,283.699982,290.869995,198.289993,415.699982,198.289993,350.000000,250.849991
165-12.jpg,331.000000,266.130005,315.579987,219.869995,369.549988,219.869995,277.029999,304.679993,369.549988,320.100006,269.320007,212.160004,408.100006,227.580002,338.709991,281.549988
166-12.jpg,327.000000,276.940002,297.119995,239.589996,356.880005,232.119995,274.709991,321.759979,371.820007,321.759979,252.300003,239.589996,401.699982,232.119995,327.000000,291.880005
167-12.jpg,312.790009,229.630005,294.160004,192.369995,343.839996,192.369995,275.529999,266.890015,362.470001,266.890015,263.109985,192.369995,381.100006,198.580002,319.000000,242.050003
168-12.jpg,322.000000,225.869995,292.839996,182.130005,351.160004,182.130005,270.970001,262.320007,373.029999,262.320007,249.100006,182.130005,394.899994,189.419998,322.000000,218.580002
169-12.jpg,343.750000,222.250000,316.750000,181.750000,364.000000,175.000000,289.750000,262.750000,391.000000,262.750000,276.250000,181.750000,411.250000,175.000000,337.000000,235.750000
170-12.jpg,316.000000,222.889999,296.110016,183.110001,335.890015,176.479996,276.220001,262.670013,362.410004,256.040009,256.329987,189.740005,375.670013,183.110001,322.630005,229.520004
171-12.jpg,327.589996,263.769989,297.230011,218.229996,350.360016,210.639999,289.640015,309.309998,365.540009,301.720001,251.690002,218.229996,388.309998,210.639999,327.589996,271.360016
172-12.jpg,308.000000,248.570007,283.430023,199.430008,348.950012,199.430008,267.050018,297.710022,357.140015,305.900024,242.480011,191.240005,389.900024,199.430008,308.000000,264.950012
173-12.jpg,326.269989,240.809998,301.190002,209.460007,345.079987,203.190002,288.649994,278.429993,363.890015,272.160004,263.570007,209.460007,382.700012,203.190002,326.269989,247.080002
174-12.jpg,322.410004,241.229996,292.769989,204.179993,344.639984,196.770004,270.540009,285.690002,374.279999,278.279999,248.309998,204.179993,381.690002,196.770004,322.410004,248.639999
175-12.jpg,330.000000,239.170013,310.830017,200.830002,355.559998,200.830002,291.660004,277.510010,374.730011,277.510010,272.489990,200.830002,393.900024,200.830002,336.390015,251.950012
176-12.jpg,333.220001,254.329987,297.669983,218.779999,340.329987,204.559998,297.669983,304.099976,375.880005,282.769989,255.009995,225.889999,375.880005,204.559998,326.109985,261.440002
177-12.jpg,341.109985,253.329987,305.559998,217.779999,362.440002,210.669998,298.449982,295.989990,383.769989,288.880005,270.010010,217.779999,405.099976,210.669998,334.000000,260.440002
178-12.jpg,326.000000,206.770004,295.640015,161.229996,356.360016,161.229996,288.049988,252.309998,371.540009,252.309998,250.100006,161.229996,394.309998,161.229996,326.000000,214.360001
179-12.jpg,338.750000,222.250000,305.000000,181.750000,359.000000,175.000000,284.750000,269.500000,379.250000,269.500000,264.500000,181.750000,399.500000,181.750000,338.750000,222.250000
180-12.jpg,294.000000,267.959991,266.040009,226.020004,314.970001,226.020004,252.059998,309.899994,328.950012,316.890015,231.089996,226.020004,356.910004,226.020004,287.010010,274.950012
181-12.jpg,336.000000,231.790009,315.209991,190.210007,363.720001,190.210007,294.420013,273.369995,384.510010,273.369995,273.630005,190.210007,405.300018,190.210007,336.000000,245.650009
182-12.jpg,312.000000,243.490005,280.679993,196.510010,335.490021,196.510010,272.850006,290.470001,366.809998,282.640015,241.529999,204.340012,390.300018,196.510010,312.000000,259.150024
183-12.jpg,314.000000,229.879990,284.119995,185.059998,343.880005,185.059998,269.179993,267.229980,366.290009,267.229980,246.770004,185.059998,388.699982,185.059998,321.470001,237.349991
184-12.jpg,324.000000,262.250000,297.000000,221.750000,351.000000,228.500000,276.750000,296.000000,364.500000,309.500000,263.250000,221.750000,391.500000,228.500000,324.000000,269.000000
185-12.jpg,316.000000,241.869995,286.839996,198.130005,337.869995,198.130005,279.549988,292.899994,359.739990,285.609985,250.389999,205.419998,374.320007,198.130005,323.290009,241.869995
186-12.jpg,334.000000,284.160004,304.839996,233.130005,363.160004,233.130005,290.260010,327.899994,370.450012,327.899994,261.100006,225.839996,406.899994,240.419998,334.000000,284.160004
187-12.jpg,324.000000,262.929993,299.069977,221.379990,357.239990,213.069992,282.449982,312.789978,373.859985,312.789978,257.519989,213.069992,407.099976,221.379990,332.309998,271.239990
188-12.jpg,328.010010,266.029999,287.959991,225.980011,352.040009,217.970001,279.950012,314.089996,368.059998,322.100006,247.910004,225.980011,400.100006,217.970001,328.010010,274.040009
189-12.jpg,298.000000,243.980011,270.040009,216.020004,318.970001,202.040009,270.040009,292.910004,353.920013,271.940002,228.100006,216.020004,360.910004,202.040009,304.989990,250.970001
190-12.jpg,314.000000,218.610001,286.519989,177.389999,334.609985,177.389999,272.779999,259.829987,355.220001,266.699982,252.169998,177.389999,375.829987,177.389999,314.000000,232.349991
191-12.jpg,332.000000,250.279999,307.790009,193.789993,364.279999,201.860001,291.649994,298.699982,380.419983,298.699982,267.440002,193.789993,404.630005,201.860001,340.070007,258.350006
192-12.jpg,313.000000,232.029999,288.970001,191.980011,337.029999,183.970001,272.950012,280.089996,361.059998,280.089996,240.910004,191.980011,385.089996,183.970001,313.000000,240.040009
193-12.jpg,320.000000,244.970001,299.029999,203.029999,347.959991,203.029999,278.059998,293.899994,368.929993,293.899994,257.089996,210.020004,389.899994,210.020004,326.989990,251.960007
194-12.jpg,299.010010,242.970001,278.040009,201.029999,326.970001,201.029999,271.050018,284.910004,340.950012,284.910004,243.089996,201.029999,375.899994,201.029999,306.000000,242.970001
195-12.jpg,314.000000,282.429993,293.570007,248.380005,334.429993,241.569992,279.950012,316.480011,361.670013,316.480011,252.710007,248.380005,382.100006,234.759995,320.809998,296.049988
196-12.jpg,300.000000,217.690018,271.080017,174.310013,328.920013,174.310013,256.619995,261.070007,350.610016,261.070007,234.930008,174.310013,372.300018,174.310013,307.230011,232.150009
197-12.jpg,312.070007,266.790009,291.279999,225.210007,346.720001,225.210007,270.489990,301.440002,353.649994,308.369995,249.699997,218.279999,388.300018,225.210007,312.070007,280.649994
198-12.jpg,329.809998,256.429993,295.760010,222.380005,350.239990,215.569992,288.950012,297.290009,370.670013,290.480011,261.709991,222.380005,391.100006,215.569992,323.000000,263.239990
199-12.jpg,325.109985,229.329987,296.669983,193.779999,346.440002,193.779999,282.449982,271.989990,367.769989,264.880005,254.009995,193.779999,389.099976,193.779999,318.000000,236.439987
200-12.jpg,324.000000,252.940002,301.589996,215.589996,346.410004,215.589996,286.649994,297.759979,368.820007,297.759979,256.769989,215.589996,391.229980,215.589996,331.470001,267.880005
